ESPN_ID,Pitcher_name(FL),Name(FL),Team,H/A,Bats,NP,PA,AB,Hits,2B,3B,HR,Runs,RBI,BB,IBB,SO,HBP,SB,CS,AVG,OBP,SLG,OPS,wOBA,ESPN_ID(p),Pitcher_name(FL),P_Team,Throws,Stadium
31399,Jimmy Nelson, Randal Grichuk,stl,H,R,52,14,13,3,1,0,0,2,1,1,0,4,0,0,0,0.231,0.286,0.308,0.593,0.268,32738,Jimmy Nelson,mil,R,Busch Stadium
32842,Jimmy Nelson,Stephen Piscotty,stl,H,R,48,15,14,6,0,0,1,4,2,1,0,2,0,0,1,0.429,0.467,0.643,1.11,0.48,32738,Jimmy Nelson,mil,R,Busch Stadium
33390,Jimmy Nelson,Aledmys Diaz,stl,H,R,28,9,9,3,0,0,0,0,2,0,0,0,0,0,0,0.333,0.333,0.333,0.667,0.3,32738,Jimmy Nelson,mil,R,Busch Stadium
5986,Jimmy Nelson,Yadier Molina,stl,H,R,47,14,11,2,0,0,0,3,1,2,0,0,0,0,0,0.182,0.286,0.182,0.468,0.229,32738,Jimmy Nelson,mil,R,Busch Stadium
31402,Jimmy Nelson,Jedd Gyorko,stl,H,R,30,9,9,0,0,0,0,0,1,0,0,2,0,0,0,0,0,0,0,0,32738,Jimmy Nelson,mil,R,Busch Stadium
5527,Jimmy Nelson, Jhonny Peralta,stl,H,R,50,17,16,5,1,0,0,4,3,0,0,2,0,0,0,0.312,0.294,0.375,0.669,0.285,32738,Jimmy Nelson,mil,R,Busch Stadium
31208,Jimmy Nelson,Tommy Pham,stl,H,R,17,5,5,3,1,1,0,1,2,0,0,1,0,0,0,0.6,0.6,1.2,1.8,0.75,32738,Jimmy Nelson,mil,R,Busch Stadium
31015,Jimmy Nelson,Matt Carpenter,stl,H,L,77,21,18,8,1,0,2,7,7,3,0,3,0,0,0,0.444,0.524,0.833,1.357,0.564,32738,Jimmy Nelson,mil,R,Busch Stadium
29252,Jimmy Nelson,Dexter Fowler,stl,H,S,134,29,21,5,1,0,2,5,5,6,0,11,1,1,1,0.238,0.414,0.571,0.985,0.412,32738,Jimmy Nelson,mil,R,Busch Stadium
32211,Jimmy Nelson,Greg Garcia,stl,H,L,27,10,9,3,0,0,0,1,1,1,0,0,0,0,0,0.333,0.4,0.333,0.733,0.34,32738,Jimmy Nelson,mil,R,Busch Stadium
32006,Jimmy Nelson,Eric Fryer,stl,H,R,19,4,2,0,0,0,0,1,0,2,0,0,0,0,0,0,0.5,0,0.5,0.35,32738,Jimmy Nelson,mil,R,Busch Stadium
32056,Lance Lynn,Jett Bandy,mil,A,R,10,2,2,0,0,0,0,0,0,0,0,1,0,0,0,0,0,0,0,0,30820,Lance Lynn,stl,R,Busch Stadium
30755,Lance Lynn,Keon Broxton,mil,A,R,10,2,2,1,0,0,0,0,0,0,0,1,0,1,1,0.5,0.5,0.5,1,0.45,30820,Lance Lynn,stl,R,Busch Stadium
28721,Lance Lynn, Ryan Braun,mil,A,R,128,31,31,8,0,0,1,1,4,0,0,8,0,0,0,0.258,0.258,0.355,0.613,0.268,30820,Lance Lynn,stl,R,Busch Stadium
32062,Lance Lynn, Andrew Susac,mil,A,R,11,3,3,0,0,0,0,0,0,0,0,0,0,0,0,0,0,0,0,0,30820,Lance Lynn,stl,R,Busch Stadium
32890,Lance Lynn,Travis Shaw,mil,A,L,7,2,2,1,1,0,0,0,1,0,0,0,0,0,0,0.5,0.5,1,1.5,0.625,30820,Lance Lynn,stl,R,Busch Stadium
31973,Lance Lynn,Jonathan Villar,mil,A,S,16,3,3,1,0,0,0,1,0,0,0,0,0,0,0,0.333,0.333,0.333,0.667,0.3,30820,Lance Lynn,stl,R,Busch Stadium
30709,Lance Lynn,Eric Thames,mil,A,L,20,4,2,0,0,0,0,0,0,2,0,2,0,0,0,0,0.5,0,0.5,0.35,30820,Lance Lynn,stl,R,Busch Stadium
31931,Lance Lynn,Domingo Santana,mil,A,R,10,2,2,0,0,0,0,0,0,0,0,2,0,0,0,0,0,0,0,0,30820,Lance Lynn,stl,R,Busch Stadium
32530,Lance Lynn,Orlando Arcia,mil,A,R,9,2,2,0,0,0,0,0,0,0,0,1,0,0,0,0,0,0,0,0,30820,Lance Lynn,stl,R,Busch Stadium
4262,R.A. Dickey, Jayson Werth,wsh,H,R,148,35,29,13,3,0,2,8,4,6,1,4,0,0,0,0.448,0.543,0.759,1.301,0.547,4695,R.A. Dickey,atl,R,Nationals Park
32068,R.A. Dickey, Adam Eaton,wsh,H,L,72,15,12,2,0,1,0,2,1,2,0,1,0,0,0,0.167,0.267,0.333,0.6,0.26,4695,R.A. Dickey,atl,R,Nationals Park
29710,R.A. Dickey,Jose Lobaton,wsh,H,S,42,15,15,3,1,0,0,0,1,0,0,4,0,0,0,0.2,0.2,0.267,0.467,0.203,4695,R.A. Dickey,atl,R,Nationals Park
32219,R.A. Dickey,Michael Taylor,wsh,H,R,30,9,8,3,1,0,0,1,1,0,0,2,0,0,0,0.375,0.333,0.5,0.833,0.339,4695,R.A. Dickey,atl,R,Nationals Park
6298,R.A. Dickey,Stephen Drew,wsh,H,L,114,29,27,6,3,0,0,1,1,2,0,1,0,0,0,0.222,0.276,0.333,0.609,0.271,4695,R.A. Dickey,atl,R,Nationals Park
6389,R.A. Dickey,Ryan Zimmerman,wsh,H,R,158,41,36,12,2,0,2,7,5,2,0,3,1,0,0,0.333,0.366,0.556,0.921,0.385,4695,R.A. Dickey,atl,R,Nationals Park
32098,R.A. Dickey,Anthony Rendon,wsh,H,R,31,6,4,1,0,0,0,0,0,2,0,1,0,0,0,0.25,0.5,0.25,0.75,0.383,4695,R.A. Dickey,atl,R,Nationals Park
33659,R.A. Dickey,Wilmer Difo,wsh,H,S,6,3,3,0,0,0,0,0,0,0,0,0,0,0,0,0,0,0,0,0,4695,R.A. Dickey,atl,R,Nationals Park
30951,R.A. Dickey,Bryce Harper,wsh,H,L,90,23,22,5,2,0,0,1,3,1,0,8,0,0,0,0.227,0.261,0.318,0.579,0.257,4695,R.A. Dickey,atl,R,Nationals Park
29287,R.A. Dickey,Matt Wieters,wsh,H,S,89,23,22,4,1,0,0,2,1,1,0,6,0,0,0,0.182,0.217,0.227,0.445,0.202,4695,R.A. Dickey,atl,R,Nationals Park
33710,R.A. Dickey,Trea Turner,wsh,H,R,12,3,3,1,0,0,0,1,1,0,0,0,0,0,0,0.333,0.333,0.333,0.667,0.3,4695,R.A. Dickey,atl,R,Nationals Park
29200,R.A. Dickey,Daniel Murphy,wsh,H,L,8,3,3,2,1,0,1,1,1,0,0,0,0,0,0,0.667,0.667,2,2.667,1.083,4695,R.A. Dickey,atl,R,Nationals Park
28579,R.A. Dickey,Adam Lind,wsh,H,L,35,7,5,1,0,0,0,1,0,2,0,2,0,0,0,0.2,0.429,0.2,0.629,0.329,4695,R.A. Dickey,atl,R,Nationals Park
6124,R.A. Dickey,Ryan Raburn,wsh,H,R,27,9,8,4,1,0,0,2,1,1,0,0,0,0,0,0.5,0.556,0.625,1.181,0.517,4695,R.A. Dickey,atl,R,Nationals Park
29105,Joe Ross, Sean Rodriguez,atl,A,R,8,2,1,0,0,0,0,0,0,1,0,0,0,0,0,0,0.5,0,0.5,0.35,32684,Joe Ross,wsh,R,Nationals Park
33741,Joe Ross,Johan Camargo,atl,A,S,6,1,1,0,0,0,0,0,0,0,0,1,0,0,0,0,0,0,0,0,32684,Joe Ross,wsh,R,Nationals Park
5031,Joe Ross,Brandon Phillips,atl,A,R,14,6,6,2,0,0,0,0,2,0,0,0,0,0,0,0.333,0.333,0.333,0.667,0.3,32684,Joe Ross,wsh,R,Nationals Park
28476,Joe Ross,Matt Kemp,atl,A,R,15,5,5,2,0,0,0,1,1,0,0,1,0,0,0,0.4,0.4,0.4,0.8,0.36,32684,Joe Ross,wsh,R,Nationals Park
34895,Joe Ross,Dansby Swanson,atl,A,R,19,4,4,0,0,0,0,0,0,0,0,3,0,0,0,0,0,0,0,0,32684,Joe Ross,wsh,R,Nationals Park
6478,Joe Ross,Nick Markakis,atl,A,L,30,8,8,5,1,0,0,1,1,0,0,2,0,0,0,0.625,0.625,0.75,1.375,0.606,32684,Joe Ross,wsh,R,Nationals Park
30193,Joe Ross, Freddie Freeman,atl,A,L,32,8,5,2,0,0,1,2,1,3,0,1,0,0,0,0.4,0.625,1,1.625,0.625,32684,Joe Ross,wsh,R,Nationals Park
33080,Joe Ross, Adonis Garcia,atl,A,R,21,7,7,1,0,0,0,0,0,0,0,1,0,0,0,0.143,0.143,0.143,0.286,0.129,32684,Joe Ross,wsh,R,Nationals Park
31327,Joe Ross,Ender Inciarte,atl,A,L,36,8,8,2,0,0,0,1,0,0,0,2,0,0,0,0.25,0.25,0.25,0.5,0.225,32684,Joe Ross,wsh,R,Nationals Park
32323,Joe Ross, Jace Peterson,atl,A,L,27,6,6,2,1,0,0,0,1,0,0,1,0,0,0,0.333,0.333,0.5,0.833,0.358,32684,Joe Ross,wsh,R,Nationals Park
31359,Joe Ross,Matt Adams,atl,A,L,23,5,4,2,0,0,0,0,0,1,0,1,0,0,0,0.5,0.6,0.5,1.1,0.5,32684,Joe Ross,wsh,R,Nationals Park
30157,Joe Ross,Tyler Flowers,atl,A,R,6,2,2,0,0,0,0,0,0,0,0,0,0,0,0,0,0,0,0,0,32684,Joe Ross,wsh,R,Nationals Park
29273,Tyler Chatwood, Francisco Cervelli,pit,H,R,25,5,4,0,0,0,0,0,0,1,0,0,0,0,0,0,0.2,0,0.2,0.14,30564,Tyler Chatwood,col,R,PNC Park
29255,Tyler Chatwood,John Jaso,pit,H,L,23,8,8,5,1,0,0,1,1,0,0,1,0,0,1,0.625,0.625,0.75,1.375,0.606,30564,Tyler Chatwood,col,R,PNC Park
29694,Tyler Chatwood,David Freese,pit,H,R,26,6,6,1,0,0,0,0,0,0,0,2,0,0,0,0.167,0.167,0.167,0.333,0.15,30564,Tyler Chatwood,col,R,PNC Park
32950,Tyler Chatwood,Gregory Polanco,pit,H,L,15,3,3,1,0,0,0,0,0,0,0,1,0,0,0,0.333,0.333,0.333,0.667,0.3,30564,Tyler Chatwood,col,R,PNC Park
31222,Tyler Chatwood,Phil Gosselin,pit,H,R,15,5,5,2,0,0,0,1,0,0,0,0,0,0,0,0.4,0.4,0.4,0.8,0.36,30564,Tyler Chatwood,col,R,PNC Park
30934,Tyler Chatwood,Josh Harrison,pit,H,R,13,3,2,0,0,0,0,0,0,1,0,0,0,0,0,0,0.333,0,0.333,0.233,30564,Tyler Chatwood,col,R,PNC Park
30687,Tyler Chatwood,Jordy Mercer,pit,H,R,11,2,2,1,0,0,0,0,1,0,0,0,0,0,0,0.5,0.5,0.5,1,0.45,30564,Tyler Chatwood,col,R,PNC Park
29807,Gerrit Cole, Gerardo Parra,col,A,L,37,12,12,1,0,0,0,0,0,0,0,1,0,0,0,0.083,0.083,0.083,0.167,0.075,32081,Gerrit Cole,pit,R,PNC Park
31084,Gerrit Cole,Charlie Blackmon,col,A,L,31,6,6,3,0,0,0,0,0,0,0,0,0,0,1,0.5,0.5,0.5,1,0.45,32081,Gerrit Cole,pit,R,PNC Park
28658,Gerrit Cole,Carlos Gonzalez,col,A,L,26,6,5,0,0,0,0,0,0,1,0,2,0,0,0,0,0.167,0,0.167,0.117,32081,Gerrit Cole,pit,R,PNC Park
31844,Gerrit Cole,Tony Wolters,col,A,L,5,3,3,0,0,0,0,0,1,0,0,0,0,0,0,0,0,0,0,0,32081,Gerrit Cole,pit,R,PNC Park
31261,Gerrit Cole,Nolan Arenado,col,A,R,28,8,8,5,0,0,2,2,3,0,0,0,0,0,0,0.625,0.625,1.375,2,0.838,32081,Gerrit Cole,pit,R,PNC Park
30765,Gerrit Cole,DJ LeMahieu,col,A,R,41,9,9,0,0,0,0,0,0,0,0,2,0,0,0,0,0,0,0,0,32081,Gerrit Cole,pit,R,PNC Park
30562,Gerrit Cole,Alexi Amarista,col,A,L,25,4,4,2,0,0,0,0,0,0,0,1,0,0,1,0.5,0.5,0.5,1,0.45,32081,Gerrit Cole,pit,R,PNC Park
29646,Gerrit Cole,Ian Desmond,col,A,R,39,9,7,2,0,0,1,1,1,1,0,3,1,0,0,0.286,0.444,0.714,1.159,0.478,32081,Gerrit Cole,pit,R,PNC Park
32150,Gerrit Cole,Trevor Story,col,A,R,11,3,3,0,0,0,0,0,0,0,0,0,0,0,0,0,0,0,0,0,32081,Gerrit Cole,pit,R,PNC Park
28772,Gerrit Cole,Mark Reynolds,col,A,R,51,13,13,5,1,0,1,1,1,0,0,2,0,0,0,0.385,0.385,0.692,1.077,0.458,32081,Gerrit Cole,pit,R,PNC Park
33257,Gerrit Cole, Dustin Garneau,col,A,R,10,3,3,1,0,0,0,0,0,0,0,0,0,0,0,0.333,0.333,0.333,0.667,0.3,32081,Gerrit Cole,pit,R,PNC Park
32210,Jake Odorizzi, Dalton Pompey,tor,H,S,16,4,4,0,0,0,0,0,0,0,0,1,0,0,0,0,0,0,0,0,31654,Jake Odorizzi,tb,R,Rogers Centre
5890,Jake Odorizzi,Jose Bautista,tor,H,R,172,40,30,3,0,1,1,5,3,9,2,9,0,0,0,0.1,0.3,0.267,0.567,0.27,31654,Jake Odorizzi,tb,R,Rogers Centre
6188,Jake Odorizzi,Kendrys Morales,tor,H,S,40,10,9,4,2,0,0,0,1,0,0,2,1,0,0,0.444,0.5,0.667,1.167,0.5,31654,Jake Odorizzi,tb,R,Rogers Centre
28886,Jake Odorizzi, Steven Pearce,tor,H,R,49,14,12,3,1,0,1,2,1,1,0,3,1,0,0,0.25,0.357,0.583,0.94,0.396,31654,Jake Odorizzi,tb,R,Rogers Centre
31287,Jake Odorizzi, Darrell Ceciliani,tor,H,L,10,3,3,0,0,0,0,0,0,0,0,1,0,0,0,0,0,0,0,0,31654,Jake Odorizzi,tb,R,Rogers Centre
30175,Jake Odorizzi,Justin Smoak,tor,H,S,83,18,16,2,1,0,1,2,3,2,0,3,0,0,0,0.125,0.222,0.375,0.597,0.258,31654,Jake Odorizzi,tb,R,Rogers Centre
29563,Jake Odorizzi,Josh Donaldson,tor,H,R,116,24,20,5,0,0,4,4,5,4,0,7,0,0,0,0.25,0.375,0.85,1.225,0.487,31654,Jake Odorizzi,tb,R,Rogers Centre
30636,Jake Odorizzi,Ryan Goins,tor,H,L,58,13,12,1,0,0,0,0,0,1,0,5,0,0,0,0.083,0.154,0.083,0.237,0.123,31654,Jake Odorizzi,tb,R,Rogers Centre
32938,Jake Odorizzi, Devon Travis,tor,H,R,81,18,18,6,1,1,0,4,1,0,0,2,0,0,1,0.333,0.333,0.5,0.833,0.358,31654,Jake Odorizzi,tb,R,Rogers Centre
29567,Jake Odorizzi,Darwin Barney,tor,H,R,19,6,5,0,0,0,0,0,0,0,0,0,0,0,0,0,0,0,0,0,31654,Jake Odorizzi,tb,R,Rogers Centre
29772,Jake Odorizzi,Chris Coghlan,tor,H,L,26,8,8,2,1,0,0,0,1,0,0,2,0,0,0,0.25,0.25,0.375,0.625,0.269,31654,Jake Odorizzi,tb,R,Rogers Centre
29008,Jake Odorizzi,Ezequiel Carrera,tor,H,L,50,10,10,2,0,0,1,1,1,0,0,2,0,0,1,0.2,0.2,0.5,0.7,0.29,31654,Jake Odorizzi,tb,R,Rogers Centre
6390,Jake Odorizzi,Russell Martin,tor,H,R,78,17,17,1,0,0,0,0,0,0,0,4,0,0,0,0.059,0.059,0.059,0.118,0.053,31654,Jake Odorizzi,tb,R,Rogers Centre
28567,Jake Odorizzi,Troy Tulowitzki,tor,H,R,58,16,14,1,0,0,0,0,1,2,0,3,0,0,0,0.071,0.188,0.071,0.259,0.144,31654,Jake Odorizzi,tb,R,Rogers Centre
32859,Jake Odorizzi,Kevin Pillar,tor,H,R,71,23,23,5,3,0,1,3,1,0,0,1,0,2,0,0.217,0.217,0.478,0.696,0.289,31654,Jake Odorizzi,tb,R,Rogers Centre
33271,Jake Odorizzi,Luke Maile,tor,H,R,6,2,2,0,0,0,0,0,0,0,0,0,0,0,0,0,0,0,0,0,31654,Jake Odorizzi,tb,R,Rogers Centre
30986,Marco Estrada,Michael Martinez,tb,A,S,6,1,0,0,0,0,0,0,0,1,0,0,0,0,0,0,1,0,1,0.7,29215,Marco Estrada,tor,R,Rogers Centre
30632,Marco Estrada,Steven Souza Jr.,tb,A,R,65,16,14,2,0,0,1,1,4,2,0,7,0,1,0,0.143,0.25,0.357,0.607,0.269,29215,Marco Estrada,tor,R,Rogers Centre
31964,Marco Estrada,Jesus Sucre,tb,A,R,11,2,2,1,0,0,1,1,1,0,0,0,0,0,0,0.5,0.5,2,2.5,1,29215,Marco Estrada,tor,R,Rogers Centre
30212,Marco Estrada,Tim Beckham,tb,A,R,63,13,10,1,1,0,0,0,0,2,0,5,1,0,0,0.1,0.308,0.2,0.508,0.258,29215,Marco Estrada,tor,R,Rogers Centre
28973,Marco Estrada,Colby Rasmus,tb,A,L,31,10,10,2,0,0,2,2,3,0,0,0,0,0,0,0.2,0.2,0.8,1,0.4,29215,Marco Estrada,tor,R,Rogers Centre
30173,Marco Estrada, Wilson Ramos,tb,A,R,20,6,6,1,0,0,0,0,1,0,0,1,0,0,0,0.167,0.167,0.167,0.333,0.15,29215,Marco Estrada,tor,R,Rogers Centre
32933,Marco Estrada,Mallex Smith,tb,A,L,5,2,2,0,0,0,0,0,0,0,0,0,0,0,0,0,0,0,0,0,29215,Marco Estrada,tor,R,Rogers Centre
32049,Marco Estrada, Curt Casali,tb,A,R,8,2,2,0,0,0,0,0,0,0,0,2,0,0,0,0,0,0,0,0,29215,Marco Estrada,tor,R,Rogers Centre
31446,Marco Estrada, Kevin Kiermaier,tb,A,L,81,25,23,8,1,1,1,3,2,1,0,2,0,0,0,0.348,0.375,0.609,0.984,0.419,29215,Marco Estrada,tor,R,Rogers Centre
31684,Marco Estrada,Corey Dickerson,tb,A,L,67,16,14,5,0,0,1,4,3,2,0,4,0,1,1,0.357,0.438,0.571,1.009,0.438,29215,Marco Estrada,tor,R,Rogers Centre
32206,Marco Estrada, Brad Miller,tb,A,L,97,21,16,1,1,0,0,4,1,5,0,9,0,1,0,0.062,0.286,0.125,0.411,0.226,29215,Marco Estrada,tor,R,Rogers Centre
29318,Marco Estrada,Peter Bourjos,tb,A,R,35,6,6,1,0,0,0,0,0,0,0,4,0,0,0,0.167,0.167,0.167,0.333,0.15,29215,Marco Estrada,tor,R,Rogers Centre
28639,Marco Estrada,Evan Longoria,tb,A,R,109,28,25,5,1,0,0,4,1,2,0,7,1,0,0,0.2,0.286,0.24,0.526,0.248,29215,Marco Estrada,tor,R,Rogers Centre
33212,Marco Estrada,Daniel Robertson,tb,A,R,9,2,2,1,0,0,0,0,0,0,0,1,0,0,0,0.5,0.5,0.5,1,0.45,29215,Marco Estrada,tor,R,Rogers Centre
33453,Marco Estrada, Matt Duffy,tb,A,R,12,3,3,1,1,0,0,0,3,0,0,1,0,0,0,0.333,0.333,0.667,1,0.417,29215,Marco Estrada,tor,R,Rogers Centre
30536,Marco Estrada,Logan Morrison,tb,A,L,61,16,16,5,1,1,2,4,7,0,0,2,0,1,0,0.312,0.312,0.875,1.188,0.484,29215,Marco Estrada,tor,R,Rogers Centre
5652,Marco Estrada, Rickie Weeks,tb,A,R,15,3,2,0,0,0,0,1,0,1,0,1,0,0,0,0,0.333,0,0.333,0.233,29215,Marco Estrada,tor,R,Rogers Centre
30608,Marco Estrada,Derek Norris,tb,A,R,3,2,2,0,0,0,0,0,0,0,0,0,0,0,0,0,0,0,0,0,29215,Marco Estrada,tor,R,Rogers Centre
30910,David Price,Daniel Nava,phi,A,S,84,22,20,2,0,0,0,1,0,1,0,8,0,0,0,0.1,0.143,0.1,0.243,0.119,28958,David Price,bos,L,Fenway Park
29505,David Price,Michael Saunders,phi,A,L,21,6,5,1,0,0,0,0,0,0,0,1,1,0,0,0.2,0.333,0.2,0.533,0.267,28958,David Price,bos,L,Fenway Park
5943,David Price,Andres Blanco,phi,A,S,9,2,2,0,0,0,0,0,0,0,0,2,0,0,0,0,0,0,0,0,28958,David Price,bos,L,Fenway Park
6524,David Price,Howie Kendrick,phi,A,R,111,31,30,6,2,0,0,3,2,1,2,11,0,0,0,0.2,0.226,0.267,0.492,0.219,28958,David Price,bos,L,Fenway Park
31474,Clayton Kershaw, Abraham Almonte,cle,H,S,9,3,3,1,0,0,0,1,0,0,0,0,0,0,0,0.333,0.333,0.333,0.667,0.3,28963,Clayton Kershaw,lad,L,Progressive Field
29453,Clayton Kershaw,Austin Jackson,cle,H,R,16,4,4,0,0,0,0,0,0,0,0,1,0,0,0,0,0,0,0,0,28963,Clayton Kershaw,lad,L,Progressive Field
5904,Clayton Kershaw,Edwin Encarnacion,cle,H,R,10,3,3,0,0,0,0,0,0,0,0,1,0,0,0,0,0,0,0,0,28963,Clayton Kershaw,lad,L,Progressive Field
30950,Trevor Bauer,Yasmani Grandal,lad,A,S,13,3,3,1,0,0,0,1,0,0,0,1,0,0,0,0.333,0.333,0.333,0.667,0.3,32014,Trevor Bauer,cle,R,Progressive Field
6481,Trevor Bauer, Andre Ethier,lad,A,L,15,3,3,1,0,0,0,0,2,0,0,1,0,0,0,0.333,0.333,0.333,0.667,0.3,32014,Trevor Bauer,cle,R,Progressive Field
31276,Trevor Bauer,Brett Eibner,lad,A,R,6,3,3,1,0,0,0,0,0,0,0,0,0,0,0,0.333,0.333,0.333,0.667,0.3,32014,Trevor Bauer,cle,R,Progressive Field
30714,Trevor Bauer, Scott Van Slyke,lad,A,R,12,3,3,0,0,0,0,0,0,0,0,0,0,0,0,0,0,0,0,0,32014,Trevor Bauer,cle,R,Progressive Field
32900,Trevor Bauer,Chris Taylor,lad,A,R,8,3,2,1,1,0,0,0,1,0,0,0,1,0,0,0.5,0.667,1,1.667,0.65,32014,Trevor Bauer,cle,R,Progressive Field
30579,Trevor Bauer,Logan Forsythe,lad,A,R,14,4,4,1,0,0,0,0,0,0,0,3,0,0,0,0.25,0.25,0.25,0.5,0.225,32014,Trevor Bauer,cle,R,Progressive Field
5383,Trevor Bauer,Chase Utley,lad,A,L,15,3,1,0,0,0,0,0,0,2,0,0,0,0,0,0,0.667,0,0.667,0.467,32014,Trevor Bauer,cle,R,Progressive Field
30115,Taijuan Walker,Alex Avila,det,H,L,20,5,4,2,0,0,1,2,3,1,0,0,0,0,0,0.5,0.6,1.25,1.85,0.72,31864,Taijuan Walker,ari,R,Comerica Park
31187,Taijuan Walker,Nicholas Castellanos,det,H,R,11,4,4,2,0,0,1,1,2,0,0,1,0,0,0,0.5,0.5,1.25,1.75,0.725,31864,Taijuan Walker,ari,R,Comerica Park
28841,Taijuan Walker,Justin Upton,det,H,R,27,5,4,0,0,0,0,0,0,1,0,1,0,1,0,0,0.2,0,0.2,0.14,31864,Taijuan Walker,ari,R,Comerica Park
30382,Taijuan Walker,Jose Iglesias,det,H,R,7,2,1,0,0,0,0,0,0,0,0,0,1,0,0,0,0.5,0,0.5,0.35,31864,Taijuan Walker,ari,R,Comerica Park
29330,Taijuan Walker,Andrew Romine,det,H,S,9,2,2,0,0,0,0,0,0,0,0,0,0,0,0,0,0,0,0,0,31864,Taijuan Walker,ari,R,Comerica Park
6197,Taijuan Walker,Ian Kinsler,det,H,R,28,6,6,2,0,0,0,1,0,0,0,2,0,0,1,0.333,0.333,0.333,0.667,0.3,31864,Taijuan Walker,ari,R,Comerica Park
31065,Taijuan Walker,J.D. Martinez,det,H,R,20,6,6,3,1,0,1,3,2,0,0,0,0,0,0,0.5,0.5,1.167,1.667,0.692,31864,Taijuan Walker,ari,R,Comerica Park
29683,Taijuan Walker,Alex Presley,det,H,L,15,3,3,2,0,0,0,1,0,0,0,1,0,0,0,0.667,0.667,0.667,1.333,0.6,31864,Taijuan Walker,ari,R,Comerica Park
5007,Taijuan Walker,Victor Martinez,det,H,S,18,6,5,1,0,0,0,1,0,0,0,0,1,0,0,0.2,0.333,0.2,0.533,0.267,31864,Taijuan Walker,ari,R,Comerica Park
28661,Buck Farmer,Gregor Blanco,ari,A,L,3,1,1,0,0,0,0,0,0,0,0,0,0,0,0,0,0,0,0,0,33627,Buck Farmer,det,R,Comerica Park
28561,Buck Farmer,Chris Iannetta,ari,A,R,3,2,2,1,1,0,0,0,0,0,0,0,0,0,0,0.5,0.5,1,1.5,0.625,33627,Buck Farmer,det,R,Comerica Park
28671,Jon Lester,Asdrubal Cabrera,nym,H,S,108,32,28,7,2,0,0,3,2,1,0,9,0,2,0,0.25,0.267,0.321,0.588,0.257,28487,Jon Lester,chc,L,Citi Field
5411,Jon Lester,Jose Reyes,nym,H,S,115,31,29,4,0,0,0,1,2,2,0,4,0,2,1,0.138,0.194,0.138,0.331,0.161,28487,Jon Lester,chc,L,Citi Field
29590,Jon Lester,Neil Walker,nym,H,S,49,13,12,3,0,0,0,1,1,1,0,3,0,0,0,0.25,0.308,0.25,0.558,0.262,28487,Jon Lester,chc,L,Citi Field
32980,Jon Lester,Matt Reynolds,nym,H,R,2,1,1,1,1,0,0,1,0,0,0,0,0,0,0,1,1,2,3,1.25,28487,Jon Lester,chc,L,Citi Field
6125,Jon Lester,Curtis Granderson,nym,H,L,226,54,50,15,2,1,3,12,6,3,0,15,1,1,0,0.3,0.352,0.56,0.912,0.389,28487,Jon Lester,chc,L,Citi Field
30627,Jon Lester,Wilmer Flores,nym,H,R,40,11,10,5,0,0,3,3,4,1,0,2,0,0,0,0.5,0.545,1.4,1.945,0.773,28487,Jon Lester,chc,L,Citi Field
33132,Jon Lester, Kevin Plawecki,nym,H,R,25,6,6,2,0,0,0,0,1,0,0,0,0,0,0,0.333,0.333,0.333,0.667,0.3,28487,Jon Lester,chc,L,Citi Field
29951,Jon Lester,Travis d'Arnaud,nym,H,R,10,3,2,0,0,0,0,0,0,1,0,0,0,0,0,0,0.333,0,0.333,0.233,28487,Jon Lester,chc,L,Citi Field
30953,Jon Lester,Lucas Duda,nym,H,L,30,6,6,2,0,0,1,1,1,0,0,3,0,0,0,0.333,0.333,0.833,1.167,0.483,28487,Jon Lester,chc,L,Citi Field
6128,Jon Lester,Rene Rivera,nym,H,R,1,1,1,1,0,0,1,1,2,0,0,0,0,0,0,1,1,4,5,2,28487,Jon Lester,chc,L,Citi Field
28954,Jon Lester,Jay Bruce,nym,H,L,77,21,20,3,1,0,0,1,3,0,0,4,0,1,0,0.15,0.143,0.2,0.343,0.145,28487,Jon Lester,chc,L,Citi Field
31410,Jon Lester,Juan Lagares,nym,H,R,39,11,9,2,2,0,0,1,0,1,0,1,1,1,0,0.222,0.364,0.444,0.808,0.355,28487,Jon Lester,chc,L,Citi Field
32080,Jon Lester, Yoenis Cespedes,nym,H,R,85,20,18,3,0,0,0,2,2,2,0,4,0,0,0,0.167,0.25,0.167,0.417,0.205,28487,Jon Lester,chc,L,Citi Field
6035,Jon Lester, David Wright,nym,H,R,19,3,2,0,0,0,0,0,0,1,0,2,0,0,0,0,0.333,0,0.333,0.233,28487,Jon Lester,chc,L,Citi Field
32217,Zack Wheeler, Tommy La Stella,chc,A,L,51,9,6,1,1,0,0,0,0,3,0,1,0,0,0,0.167,0.444,0.333,0.778,0.372,31267,Zack Wheeler,nym,R,Citi Field
32127,Zack Wheeler,Javier Baez,chc,A,R,9,3,3,1,0,0,0,1,0,0,0,1,0,0,0,0.333,0.333,0.333,0.667,0.3,31267,Zack Wheeler,nym,R,Citi Field
28586,Zack Wheeler,Miguel Montero,chc,A,L,24,6,4,2,1,0,0,1,2,1,0,2,0,0,0,0.5,0.5,0.75,1.25,0.475,31267,Zack Wheeler,nym,R,Citi Field
29551,Zack Wheeler,Jason Heyward,chc,A,L,94,20,19,7,2,0,2,4,3,1,0,2,0,0,1,0.368,0.4,0.789,1.189,0.495,31267,Zack Wheeler,nym,R,Citi Field
30782,Zack Wheeler,Anthony Rizzo,chc,A,L,31,6,5,0,0,0,0,0,1,1,0,3,0,0,0,0,0.167,0,0.167,0.117,31267,Zack Wheeler,nym,R,Citi Field
31670,Jose Urena, Mark Canha,oak,A,R,12,3,2,0,0,0,0,0,0,1,0,0,0,0,0,0,0.333,0,0.333,0.233,33107,Jose Urena,mia,R,Marlins Park
29124,Jose Urena,Matt Joyce,oak,A,L,9,3,3,0,0,0,0,0,0,0,0,0,0,0,0,0,0,0,0,0,33107,Jose Urena,mia,R,Marlins Park
31032,Jose Urena,Stephen Vogt,oak,A,L,7,2,2,0,0,0,0,0,0,0,0,1,0,0,0,0,0,0,0,0,33107,Jose Urena,mia,R,Marlins Park
33970,Jose Urena,Ryon Healy,oak,A,R,11,2,2,1,0,0,1,1,3,0,0,0,0,0,0,0.5,0.5,2,2.5,1,33107,Jose Urena,mia,R,Marlins Park
30016,Jose Urena,Yonder Alonso,oak,A,L,27,5,5,2,0,0,1,2,1,0,0,0,0,0,0,0.4,0.4,1,1.4,0.58,33107,Jose Urena,mia,R,Marlins Park
29074,Jose Urena,Jed Lowrie,oak,A,S,10,3,2,1,1,0,0,2,0,0,0,0,1,0,0,0.5,0.667,1,1.667,0.65,33107,Jose Urena,mia,R,Marlins Park
31478,Jose Urena,Khris Davis,oak,A,R,17,4,3,1,1,0,0,1,1,1,0,0,0,0,0,0.333,0.5,0.667,1.167,0.487,33107,Jose Urena,mia,R,Marlins Park
29206,Jose Urena,Adam Rosales,oak,A,R,9,2,2,0,0,0,0,0,0,0,0,1,0,0,0,0,0,0,0,0,33107,Jose Urena,mia,R,Marlins Park
29441,Jose Urena,Trevor Plouffe,oak,A,R,8,2,2,0,0,0,0,0,0,0,0,1,0,0,0,0,0,0,0,0,33107,Jose Urena,mia,R,Marlins Park
32264,Alec Asher,Yolmer Sanchez,chw,H,S,7,2,2,1,0,0,0,0,0,0,0,0,0,0,0,0.5,0.5,0.5,1,0.45,33787,Alec Asher,bal,R,U.S. Cellular Field
30664,Alec Asher,Leury Garcia,chw,H,S,3,1,1,1,0,0,0,0,0,0,0,0,0,0,0,1,1,1,2,0.9,33787,Alec Asher,bal,R,U.S. Cellular Field
6347,Alec Asher,Melky Cabrera,chw,H,S,6,2,2,1,0,0,0,0,0,0,0,0,0,0,0,0.5,0.5,0.5,1,0.45,33787,Alec Asher,bal,R,U.S. Cellular Field
30004,Alec Asher,Todd Frazier,chw,H,R,6,2,2,2,0,0,0,0,0,0,0,0,0,0,0,1,1,1,2,0.9,33787,Alec Asher,bal,R,U.S. Cellular Field
6428,Alec Asher, Geovany Soto,chw,H,R,7,2,2,0,0,0,0,0,0,0,0,1,0,0,0,0,0,0,0,0,33787,Alec Asher,bal,R,U.S. Cellular Field
31190,Alec Asher, Tyler Saladino,chw,H,R,11,2,2,0,0,0,0,0,0,0,0,0,0,0,0,0,0,0,0,0,33787,Alec Asher,bal,R,U.S. Cellular Field
33095,Alec Asher,Jose Abreu,chw,H,R,6,1,1,0,0,0,0,0,0,0,0,0,0,0,0,0,0,0,0,0,33787,Alec Asher,bal,R,U.S. Cellular Field
30729,Alec Asher,Avisail Garcia,chw,H,R,5,1,1,0,0,0,0,0,0,0,0,0,0,0,0,0,0,0,0,0,33787,Alec Asher,bal,R,U.S. Cellular Field
31988,Derek Holland,Jonathan Schoop,bal,A,R,20,5,5,2,0,0,0,1,0,0,0,1,0,0,0,0.4,0.4,0.4,0.8,0.36,30148,Derek Holland,chw,L,U.S. Cellular Field
29564,Derek Holland, Welington Castillo,bal,A,R,11,2,2,0,0,0,0,0,0,0,0,0,0,0,0,0,0,0,0,0,30148,Derek Holland,chw,L,U.S. Cellular Field
30464,Derek Holland,Caleb Joseph,bal,A,R,7,3,2,0,0,0,0,0,0,0,0,1,1,0,0,0,0.333,0,0.333,0.233,30148,Derek Holland,chw,L,U.S. Cellular Field
29322,Derek Holland,Mark Trumbo,bal,A,R,180,51,47,15,3,0,5,8,12,4,0,9,0,0,0,0.319,0.373,0.702,1.075,0.448,30148,Derek Holland,chw,L,U.S. Cellular Field
31097,Derek Holland,Manny Machado,bal,A,R,56,15,15,4,0,0,0,1,1,0,0,3,0,0,0,0.267,0.267,0.267,0.533,0.24,30148,Derek Holland,chw,L,U.S. Cellular Field
31927,Derek Holland, Luis Sardinas,bal,A,S,23,5,5,1,0,0,0,0,0,0,0,1,0,0,0,0.2,0.2,0.2,0.4,0.18,30148,Derek Holland,chw,L,U.S. Cellular Field
29170,Derek Holland,Chris Davis,bal,A,L,74,15,14,2,0,0,0,0,0,1,0,9,0,0,0,0.143,0.2,0.143,0.343,0.167,30148,Derek Holland,chw,L,U.S. Cellular Field
32952,Derek Holland,Joey Rickard,bal,A,R,11,3,3,2,1,0,0,0,1,0,0,0,0,0,0,0.667,0.667,1,1.667,0.717,30148,Derek Holland,chw,L,U.S. Cellular Field
28920,Derek Holland,Seth Smith,bal,A,L,50,11,11,3,0,0,0,2,0,0,0,2,0,0,0,0.273,0.273,0.273,0.545,0.245,30148,Derek Holland,chw,L,U.S. Cellular Field
29661,Derek Holland,Ruben Tejada,bal,A,R,9,3,3,1,0,0,0,0,1,0,0,0,0,0,0,0.333,0.333,0.333,0.667,0.3,30148,Derek Holland,chw,L,U.S. Cellular Field
5908,Derek Holland,J.J. Hardy,bal,A,R,74,18,15,3,1,0,0,2,1,3,0,3,0,0,0,0.2,0.333,0.267,0.6,0.286,30148,Derek Holland,chw,L,U.S. Cellular Field
28513,Derek Holland,Adam Jones,bal,A,R,103,25,24,6,1,0,0,3,1,1,0,9,0,0,0,0.25,0.28,0.292,0.572,0.258,30148,Derek Holland,chw,L,U.S. Cellular Field
30471,Christian Bergman,Ehire Adrianza,min,H,S,8,3,3,1,0,0,0,0,0,0,0,0,0,0,0,0.333,0.333,0.333,0.667,0.3,33270,Christian Bergman,sea,R,Target Field
30461,Kyle Gibson,Jarrod Dyson,sea,A,L,43,14,13,3,0,1,0,2,1,0,0,2,1,2,0,0.231,0.286,0.385,0.67,0.293,31053,Kyle Gibson,min,R,Target Field
32657,Kyle Gibson,Mike Zunino,sea,A,R,33,10,10,1,0,0,0,0,1,0,0,2,0,0,0,0.1,0.1,0.1,0.2,0.09,31053,Kyle Gibson,min,R,Target Field
31037,Kyle Gibson, Jean Segura,sea,A,R,26,9,9,3,0,0,1,2,1,0,0,0,0,0,0,0.333,0.333,0.667,1,0.422,31053,Kyle Gibson,min,R,Target Field
6242,Kyle Gibson,Nelson Cruz,sea,A,R,52,12,11,2,1,0,1,1,1,1,0,4,0,0,0,0.182,0.25,0.545,0.795,0.329,31053,Kyle Gibson,min,R,Target Field
30819,Kyle Gibson,Kyle Seager,sea,A,L,79,19,15,4,1,0,0,2,1,3,0,1,0,0,0,0.267,0.368,0.333,0.702,0.318,31053,Kyle Gibson,min,R,Target Field
6204,Kyle Gibson,Robinson Cano,sea,A,L,61,22,20,6,1,0,0,1,5,1,0,2,0,0,0,0.3,0.318,0.35,0.668,0.293,31053,Kyle Gibson,min,R,Target Field
29669,Kyle Gibson, Tuffy Gosewisch,sea,A,R,8,3,3,1,0,0,0,0,0,0,0,0,0,0,0,0.333,0.333,0.333,0.667,0.3,31053,Kyle Gibson,min,R,Target Field
34886,Nick Martinez,Alex Bregman,hou,H,R,15,5,5,3,0,0,0,1,1,0,0,0,0,0,0,0.6,0.6,0.6,1.2,0.54,33372,Nick Martinez,tex,R,Minute Maid Park
32653,Nick Martinez,Carlos Correa,hou,H,R,37,7,7,4,1,0,1,1,1,0,0,0,0,0,0,0.571,0.571,1.143,1.714,0.721,33372,Nick Martinez,tex,R,Minute Maid Park
31662,Nick Martinez,Jose Altuve,hou,H,R,59,19,18,4,3,0,0,1,1,0,0,0,1,1,0,0.222,0.263,0.389,0.652,0.282,33372,Nick Martinez,tex,R,Minute Maid Park
31195,Nick Martinez,Jake Marisnick,hou,H,R,29,8,8,0,0,0,0,0,0,0,0,3,0,0,0,0,0,0,0,0,33372,Nick Martinez,tex,R,Minute Maid Park
36006,Nick Martinez,Yuli Gurriel,hou,H,R,11,3,3,0,0,0,0,0,0,0,0,0,0,0,0,0,0,0,0,0,33372,Nick Martinez,tex,R,Minute Maid Park
30195,Nick Martinez,Josh Reddick,hou,H,L,60,17,16,7,2,1,1,3,4,1,0,1,0,0,0,0.438,0.471,0.875,1.346,0.559,33372,Nick Martinez,tex,R,Minute Maid Park
32078,Nick Martinez,George Springer,hou,H,R,28,7,6,2,0,0,0,1,1,1,0,1,0,0,0,0.333,0.429,0.333,0.762,0.357,33372,Nick Martinez,tex,R,Minute Maid Park
30327,Nick Martinez,Marwin Gonzalez,hou,H,S,44,10,9,5,3,0,1,2,2,1,0,1,0,0,0,0.556,0.6,1.222,1.822,0.735,33372,Nick Martinez,tex,R,Minute Maid Park
6309,Nick Martinez,Brian McCann,hou,H,L,39,11,7,1,0,0,1,2,2,3,0,0,0,0,0,0.143,0.364,0.571,0.935,0.373,33372,Nick Martinez,tex,R,Minute Maid Park
3971,Nick Martinez,Carlos Beltran,hou,H,S,46,14,14,2,0,0,1,1,3,0,0,3,0,0,0,0.143,0.143,0.357,0.5,0.207,33372,Nick Martinez,tex,R,Minute Maid Park
32053,Nick Martinez,Norichika Aoki,hou,H,L,23,6,5,2,1,0,0,0,1,1,0,0,0,0,0,0.4,0.5,0.6,1.1,0.475,33372,Nick Martinez,tex,R,Minute Maid Park
32863,Nick Martinez,Evan Gattis,hou,H,R,24,5,4,1,0,0,1,1,1,1,0,0,0,0,0,0.25,0.4,1,1.4,0.54,33372,Nick Martinez,tex,R,Minute Maid Park
34968,Nick Martinez, Tyler White,hou,H,R,4,1,1,0,0,0,0,0,0,0,0,0,0,0,0,0,0,0,0,0,33372,Nick Martinez,tex,R,Minute Maid Park
33631,Lance McCullers Jr.,Ryan Rua,tex,A,R,7,2,1,0,0,0,0,1,0,1,0,0,0,0,0,0,0.5,0,0.5,0.35,32764,Lance McCullers Jr.,hou,R,Minute Maid Park
32170,Lance McCullers Jr.,Rougned Odor,tex,A,L,44,12,11,3,0,0,0,1,0,1,2,3,0,0,0,0.273,0.333,0.273,0.606,0.283,32764,Lance McCullers Jr.,hou,R,Minute Maid Park
5915,Lance McCullers Jr., Prince Fielder,tex,A,L,33,7,4,2,1,0,0,2,3,3,0,0,0,0,0,0.5,0.714,0.75,1.464,0.607,32764,Lance McCullers Jr.,hou,R,Minute Maid Park
31360,Lance McCullers Jr.,Delino DeShields,tex,A,R,27,7,6,1,1,0,0,1,0,1,0,2,0,0,0,0.167,0.286,0.333,0.619,0.279,32764,Lance McCullers Jr.,hou,R,Minute Maid Park
28762,Lance McCullers Jr., Carlos Gomez,tex,A,R,11,3,3,0,0,0,0,0,0,0,0,2,0,0,0,0,0,0,0,0,32764,Lance McCullers Jr.,hou,R,Minute Maid Park
3878,Lance McCullers Jr.,Adrian Beltre,tex,A,R,41,10,10,3,1,1,0,1,3,0,0,2,0,0,0,0.3,0.3,0.6,0.9,0.375,32764,Lance McCullers Jr.,hou,R,Minute Maid Park
30456,Lance McCullers Jr.,Jonathan Lucroy,tex,A,R,15,4,3,1,0,0,0,0,0,1,0,0,0,0,0,0.333,0.5,0.333,0.833,0.4,32764,Lance McCullers Jr.,hou,R,Minute Maid Park
31217,Lance McCullers Jr.,Jared Hoying,tex,A,L,6,2,2,0,0,0,0,1,0,0,0,1,0,0,0,0,0,0,0,0,32764,Lance McCullers Jr.,hou,R,Minute Maid Park
32820,Lance McCullers Jr.,Nomar Mazara,tex,A,L,35,8,7,2,0,0,0,0,0,1,0,4,0,0,0,0.286,0.375,0.286,0.661,0.312,32764,Lance McCullers Jr.,hou,R,Minute Maid Park
29515,Lance McCullers Jr.,Elvis Andrus,tex,A,R,57,12,11,6,3,0,0,1,4,1,0,2,0,0,1,0.545,0.583,0.818,1.402,0.596,32764,Lance McCullers Jr.,hou,R,Minute Maid Park
28444,Lance McCullers Jr., Mike Napoli,tex,A,R,38,9,9,5,1,0,2,3,2,0,0,3,0,0,0,0.556,0.556,1.333,1.889,0.783,32764,Lance McCullers Jr.,hou,R,Minute Maid Park
32818,Lance McCullers Jr.,Joey Gallo,tex,A,L,20,5,5,0,0,0,0,0,0,0,0,3,0,0,0,0,0,0,0,0,32764,Lance McCullers Jr.,hou,R,Minute Maid Park
6205,Lance McCullers Jr.,Shin-Soo Choo,tex,A,L,47,12,10,4,0,0,1,4,2,2,0,3,0,0,0,0.4,0.5,0.7,1.2,0.508,32764,Lance McCullers Jr.,hou,R,Minute Maid Park
30755,Mike Leake,Keon Broxton,mil,A,R,21,4,4,1,1,0,0,0,0,0,0,2,0,0,0,0.25,0.25,0.5,0.75,0.312,30465,Mike Leake,stl,R,Busch Stadium
28721,Mike Leake, Ryan Braun,mil,A,R,101,30,28,6,3,0,1,3,5,2,0,4,0,0,0,0.214,0.267,0.429,0.695,0.298,30465,Mike Leake,stl,R,Busch Stadium
31238,Mike Leake, Yadiel Rivera,mil,A,R,6,3,3,0,0,0,0,0,0,0,0,0,0,0,0,0,0,0,0,0,30465,Mike Leake,stl,R,Busch Stadium
30878,Mike Leake,Hernan Perez,mil,A,R,14,3,3,0,0,0,0,0,0,0,0,3,0,0,0,0,0,0,0,0,30465,Mike Leake,stl,R,Busch Stadium
32132,Mike Leake,Jesus Aguilar,mil,A,R,20,3,3,0,0,0,0,0,0,0,0,2,0,0,0,0,0,0,0,0,30465,Mike Leake,stl,R,Busch Stadium
30268,Mike Leake,Manny Pina,mil,A,R,13,3,2,0,0,0,0,0,0,1,0,0,0,0,0,0,0.333,0,0.333,0.233,30465,Mike Leake,stl,R,Busch Stadium
32890,Mike Leake,Travis Shaw,mil,A,L,6,3,2,0,0,0,0,0,1,0,0,0,0,0,0,0,0,0,0,0,30465,Mike Leake,stl,R,Busch Stadium
31973,Mike Leake,Jonathan Villar,mil,A,S,55,13,8,4,1,0,0,3,0,5,0,1,0,1,1,0.5,0.692,0.625,1.317,0.573,30465,Mike Leake,stl,R,Busch Stadium
30709,Mike Leake,Eric Thames,mil,A,L,10,3,3,1,0,0,0,1,0,0,0,0,0,0,0,0.333,0.333,0.333,0.667,0.3,30465,Mike Leake,stl,R,Busch Stadium
31931,Mike Leake,Domingo Santana,mil,A,R,8,3,3,1,1,0,0,1,0,0,0,2,0,0,0,0.333,0.333,0.667,1,0.417,30465,Mike Leake,stl,R,Busch Stadium
32530,Mike Leake,Orlando Arcia,mil,A,R,6,2,2,0,0,0,0,0,0,0,0,1,0,0,0,0,0,0,0,0,30465,Mike Leake,stl,R,Busch Stadium
29732,Mike Leake,Eric Sogard,mil,A,L,9,3,3,1,0,1,0,0,1,0,0,0,0,0,0,0.333,0.333,1,1.333,0.533,30465,Mike Leake,stl,R,Busch Stadium
30661,Mike Leake,Nick Franklin,mil,A,S,9,3,3,1,0,0,1,1,2,0,0,1,0,0,0,0.333,0.333,1.333,1.667,0.667,30465,Mike Leake,stl,R,Busch Stadium
29246,Michael Pineda,Luis Valbuena,laa,H,L,51,13,12,5,0,0,0,2,0,1,0,2,0,1,0,0.417,0.462,0.417,0.878,0.4,30937,Michael Pineda,nyy,R,Angel Stadium
28662,Michael Pineda,Yunel Escobar,laa,H,R,83,20,18,7,1,0,2,5,6,2,0,2,0,0,0,0.389,0.45,0.778,1.228,0.512,30937,Michael Pineda,nyy,R,Angel Stadium
6455,Michael Pineda, Cameron Maybin,laa,H,R,46,9,9,2,0,0,0,0,0,0,0,3,0,1,0,0.222,0.222,0.222,0.444,0.2,30937,Michael Pineda,nyy,R,Angel Stadium
32155,Michael Pineda,C.J. Cron,laa,H,R,11,3,3,0,0,0,0,0,0,0,0,0,0,0,0,0,0,0,0,0,30937,Michael Pineda,nyy,R,Angel Stadium
30836,Michael Pineda, Mike Trout,laa,H,R,21,5,3,1,0,0,0,2,0,2,0,1,0,0,0,0.333,0.6,0.333,0.933,0.46,30937,Michael Pineda,nyy,R,Angel Stadium
4574,Michael Pineda,Albert Pujols,laa,H,R,13,3,3,0,0,0,0,0,0,0,0,0,0,0,0,0,0,0,0,0,30937,Michael Pineda,nyy,R,Angel Stadium
30237,Michael Pineda, Carlos Perez,laa,H,R,14,3,3,0,0,0,0,0,0,0,0,1,0,0,0,0,0,0,0,0,30937,Michael Pineda,nyy,R,Angel Stadium
29976,Michael Pineda,Ben Revere,laa,H,L,33,9,9,3,0,0,1,4,1,0,0,0,0,1,0,0.333,0.333,0.667,1,0.422,30937,Michael Pineda,nyy,R,Angel Stadium
29210,Michael Pineda,Cliff Pennington,laa,H,S,40,9,9,1,1,0,0,0,2,0,0,3,0,0,0,0.111,0.111,0.222,0.333,0.139,30937,Michael Pineda,nyy,R,Angel Stadium
31413,Michael Pineda,Kole Calhoun,laa,H,L,6,3,3,1,0,0,1,1,2,0,0,0,0,0,0,0.333,0.333,1.333,1.667,0.667,30937,Michael Pineda,nyy,R,Angel Stadium
30621,Michael Pineda,Danny Espinosa,laa,H,S,7,3,3,0,0,0,0,0,0,0,0,2,0,0,0,0,0,0,0,0,30937,Michael Pineda,nyy,R,Angel Stadium
29486,JC Ramirez,Chris Carter,nyy,A,R,12,3,3,1,0,0,1,1,3,0,0,2,0,0,0,0.333,0.333,1.333,1.667,0.667,30433,JC Ramirez,laa,R,Angel Stadium
28637,JC Ramirez, Jacoby Ellsbury,nyy,A,L,2,1,1,0,0,0,0,0,0,0,0,0,0,1,0,0,0,0,0,0,30433,JC Ramirez,laa,R,Angel Stadium
28809,JC Ramirez,Chase Headley,nyy,A,S,5,1,1,0,0,0,0,0,0,0,0,0,0,0,0,0,0,0,0,0,30433,JC Ramirez,laa,R,Angel Stadium
31376,JC Ramirez,Didi Gregorius,nyy,A,L,15,3,3,1,0,0,0,0,0,0,0,2,0,0,0,0.333,0.333,0.333,0.667,0.3,30433,JC Ramirez,laa,R,Angel Stadium
5940,JC Ramirez,Matt Holliday,nyy,A,R,3,1,1,0,0,0,0,0,0,0,0,1,0,0,0,0,0,0,0,0,30433,JC Ramirez,laa,R,Angel Stadium
29174,JC Ramirez,Brett Gardner,nyy,A,L,8,1,0,0,0,0,0,0,0,1,0,0,0,0,0,0,1,0,1,0.7,30433,JC Ramirez,laa,R,Angel Stadium
31095,JC Ramirez,Gary Sanchez,nyy,A,R,10,2,1,0,0,0,0,0,0,1,0,1,0,0,0,0,0.5,0,0.5,0.35,30433,JC Ramirez,laa,R,Angel Stadium
30450,JC Ramirez,Starlin Castro,nyy,A,R,18,4,3,1,0,0,0,0,1,0,0,0,0,0,0,0.333,0.25,0.333,0.583,0.225,30433,JC Ramirez,laa,R,Angel Stadium
6522,Scott Feldman,Erick Aybar,sd,H,S,149,38,36,16,3,2,0,6,3,1,0,3,1,2,1,0.444,0.474,0.639,1.113,0.48,6384,Scott Feldman,cin,R,Petco Park
31265,Scott Feldman,Wil Myers,sd,H,R,10,3,3,2,1,0,0,0,0,0,0,1,0,0,0,0.667,0.667,1,1.667,0.717,6384,Scott Feldman,cin,R,Petco Park
31173,Clayton Richard,Tucker Barnhart,cin,A,S,4,2,2,0,0,0,0,1,0,0,0,0,0,0,0,0,0,0,0,0,29195,Clayton Richard,sd,L,Petco Park
28670,Clayton Richard,Joey Votto,cin,A,L,82,21,18,6,2,0,1,3,3,3,0,2,0,0,0,0.333,0.429,0.611,1.04,0.443,29195,Clayton Richard,sd,L,Petco Park
31042,Clayton Richard,Billy Hamilton,cin,A,S,9,2,2,0,0,0,0,0,0,0,0,0,0,0,0,0,0,0,0,0,29195,Clayton Richard,sd,L,Petco Park
32367,Clayton Richard,Eugenio Suarez,cin,A,R,13,4,4,2,0,0,0,0,1,0,0,0,0,0,0,0.5,0.5,0.5,1,0.45,29195,Clayton Richard,sd,L,Petco Park
29950,Clayton Richard,Devin Mesoraco,cin,A,R,7,3,3,1,0,0,0,0,1,0,0,0,0,0,0,0.333,0.333,0.333,0.667,0.3,29195,Clayton Richard,sd,L,Petco Park
31175,Clayton Richard,Scooter Gennett,cin,A,L,8,4,4,3,0,0,0,0,2,0,0,0,0,0,0,0.75,0.75,0.75,1.5,0.675,29195,Clayton Richard,sd,L,Petco Park
30466,Clayton Richard,Zack Cozart,cin,A,R,18,4,4,1,0,0,0,0,0,0,0,0,0,0,0,0.25,0.25,0.25,0.5,0.225,29195,Clayton Richard,sd,L,Petco Park
6300,Jason Vargas, Mike Morse,sf,H,R,45,13,13,3,0,0,1,2,1,0,0,4,0,0,0,0.231,0.231,0.462,0.692,0.292,6352,Jason Vargas,kc,L,AT&T Park
29087,Jason Vargas,Denard Span,sf,H,L,49,14,13,3,0,0,1,1,2,1,0,1,0,0,0,0.231,0.286,0.462,0.747,0.321,6352,Jason Vargas,kc,L,AT&T Park
30112,Jason Vargas,Buster Posey,sf,H,R,51,10,10,3,0,0,1,1,1,0,0,2,0,0,0,0.3,0.3,0.6,0.9,0.38,6352,Jason Vargas,kc,L,AT&T Park
30290,Jason Vargas,Eduardo Nunez,sf,H,R,65,18,18,5,1,1,0,2,3,0,0,1,0,0,0,0.278,0.278,0.444,0.722,0.308,6352,Jason Vargas,kc,L,AT&T Park
6190,Jason Vargas,Aaron Hill,sf,H,R,55,13,11,4,1,0,2,4,3,2,0,3,0,0,0,0.364,0.462,1,1.462,0.581,6352,Jason Vargas,kc,L,AT&T Park
29550,Jason Vargas,Gorkys Hernandez,sf,H,R,8,2,2,0,0,0,0,0,0,0,0,2,0,0,0,0,0,0,0,0,6352,Jason Vargas,kc,L,AT&T Park
29263,Jason Vargas, Conor Gillaspie,sf,H,L,13,3,3,1,1,0,0,0,0,0,0,1,0,0,0,0.333,0.333,0.667,1,0.417,6352,Jason Vargas,kc,L,AT&T Park
30901,Jason Vargas,Brandon Belt,sf,H,L,17,7,7,3,1,0,0,0,0,0,0,1,0,0,0,0.429,0.429,0.571,1,0.436,6352,Jason Vargas,kc,L,AT&T Park
28687,Jason Vargas,Hunter Pence,sf,H,R,22,6,6,1,0,0,0,0,0,0,0,2,0,0,0,0.167,0.167,0.167,0.333,0.15,6352,Jason Vargas,kc,L,AT&T Park
29180,Jason Vargas,Nick Hundley,sf,H,R,26,8,8,2,1,0,0,0,0,0,0,2,0,0,0,0.25,0.25,0.375,0.625,0.269,6352,Jason Vargas,kc,L,AT&T Park
30469,Jason Vargas,Brandon Crawford,sf,H,L,21,5,5,1,0,0,0,0,0,0,0,1,0,0,0,0.2,0.2,0.2,0.4,0.18,6352,Jason Vargas,kc,L,AT&T Park
32087,Jason Vargas,Joe Panik,sf,H,L,10,2,2,0,0,0,0,0,0,0,0,1,0,0,0,0,0,0,0,0,6352,Jason Vargas,kc,L,AT&T Park
32821,Ty Blach, Raul Mondesi,kc,A,S,1,1,0,0,0,0,0,0,0,0,0,0,0,0,0,0,0,0,0,0,33138,Ty Blach,sf,L,AT&T Park
28636,Ty Blach,Alex Gordon,kc,A,L,1,1,0,0,0,0,0,0,0,0,0,0,1,0,0,0,1,0,1,0.7,33138,Ty Blach,sf,L,AT&T Park
32422,Ty Blach,Whit Merrifield,kc,A,R,4,1,0,0,0,0,0,0,0,1,0,0,0,0,0,0,1,0,1,0.7,33138,Ty Blach,sf,L,AT&T Park
29999,Ty Blach,Mike Moustakas,kc,A,L,3,1,1,0,0,0,0,0,0,0,0,0,0,0,0,0,0,0,0,0,33138,Ty Blach,sf,L,AT&T Park
