IDPLAYER,PLAYERNAME,FIRSTNAME,LASTNAME,TEAM,POS,ESPNID,ESPNNAME,KFFLNAME,THROWS
abadfe01,Fernando Abad,Fernando,Abad,BOS,P,30417,Fernando Abad,,L
adlemti01,Tim Adleman,Tim,Adleman,CIN,P,33962,Tim Adleman,,R
alberma01,Matt Albers,Matt,Albers,WAS,P,28525,Matt Albers,,R
albural01,Al Alburquerque,Al,Alburquerque,KC,P,30494,Al Alburquerque,,R
allenco01,Cody Allen,Cody,Allen,CLE,P,32188,Cody Allen,,R
alvarjo01,Jose Alvarez,Jose,Alvarez,LAA,P,32099,Jose Alvarez,,R
anderbr04,Brett Anderson,Brett,Anderson,CHC,P,30041,Brett Anderson,,L
anderch01,Chase Anderson,Chase,Anderson,MIL,P,32690,Chase Anderson,,R
anderco01,Cody Anderson,Cody,Anderson,CLE,P,33183,Cody Anderson,,R
anderty01,Tyler Anderson,Tyler,Anderson,COL,P,32151,Tyler Anderson,,L
andrima01,Matt Andriese,Matt,Andriese,TB,P,32549,Matt Andriese,,R
archech01,Chris Archer,Chris,Archer,TB,P,31003,Chris Archer,,R
arrieja01,Jake Arrieta,Jake,Arrieta,CHC,P,30145,Jake Arrieta,,R
asheral01,Alec Asher,Alec,Asher,BAL,P,33787,Alec Asher,,R
avilalu01,Luis Avilan,Luis,Avilan,LAD,P,31465,Luis Avilan,,L
axforjo01,John Axford,John,Axford,OAK,P,30378,John Axford,,R
baezpe01,Pedro Baez,Pedro,Baez,LAD,P,30694,Pedro Baez,,R
bailean01,Andrew Bailey,Andrew,Bailey,LAA,P,30096,Andrew Bailey,,R
baileho02,Homer Bailey,Homer,Bailey,CIN,P,28668,Homer Bailey,,R
balesco01,Collin Balester,Collin,Balester,DET,P,28967,Collin Balester,,R
banuema01,Manny Banuelos,Manny,Banuelos,LAA,P,31123,Manny Banuelos,,L
bardda01,Daniel Bard,Daniel,Bard,STL,P,30158,Daniel Bard,,R
barneja01,Jacob Barnes,Jacob,Barnes,MIL,P,34868,Jacob Barnes,,R
barnema01,Matt Barnes,Matt,Barnes,BOS,P,32147,Matt Barnes,,R
barraky01,Kyle Barraclough,Kyle,Barraclough,MIA,P,34830,Kyle Barraclough,,R
barreja01,Jake Barrett,Jake,Barrett,ARI,P,33120,Jake Barrett,,R
bassich01,Chris Bassitt,Chris,Bassitt,OAK,P,33148,Chris Bassitt,,R
bastaan01,Antonio Bastardo,Antonio,Bastardo,PIT,P,30105,Antonio Bastardo,,L
bauertr01,Trevor Bauer,Trevor,Bauer,CLE,P,32014,Trevor Bauer,,R
bedroca01,Cam Bedrosian,Cam,Bedrosian,LAA,P,31716,Cam Bedrosian,,R
beeleda01,Dallas Beeler,Dallas,Beeler,CHC,P,33099,Dallas Beeler,,R
belisma01,Matt Belisle,Matt,Belisle,MIN,P,5829,Matt Belisle,,R
belivje01,Jeff Beliveau,Jeff,Beliveau,TOR,P,32037,Jeff Beliveau,,L
benoijo01,Joaquin Benoit,Joaquin,Benoit,PHI,P,4588,Joaquin Benoit,,R
berrijo01,Jose Berrios,Jose,Berrios,MIN,P,32811,Jose Berrios,,R
betande01,Dellin Betances,Dellin,Betances,NYY,P,31122,Dellin Betances,,R
bettich01,Chad Bettis,Chad,Bettis,COL,P,31718,Chad Bettis,,R
blackcl01,Clayton Blackburn,Clayton,Blackburn,SF,P,32172,Clayton Blackburn,,R
blacktr01,Travis Blackley,Travis,Blackley,DET,P,6018,Travis Blackley,,L
blairaa01,Aaron Blair,Aaron,Blair,ATL,P,33186,Aaron Blair,,R
blantjo01,Joe Blanton,Joe,Blanton,WAS,P,6132,Joe Blanton,,R
blevije01,Jerry Blevins,Jerry,Blevins,NYM,P,28915,Jerry Blevins,,L
bolsimi01,Mike Bolsinger,Mike,Bolsinger,TOR,P,32737,Mike Bolsinger,,R
bowmama01,Matt Bowman,Matt,Bowman,STL,P,33685,Matt Bowman,,R
boxbebr01,Brad Boxberger,Brad,Boxberger,TB,P,31495,Brad Boxberger,,R
boydma01,Matt Boyd,Matt,Boyd,DET,P,34401,Matt Boyd,,L
brachbr01,Brad Brach,Brad,Brach,BAL,P,31000,Brad Brach,,R
brachsi01,Silvino Bracho,Silvino,Bracho,ARI,P,34119,Silvino Bracho,,R
bradlar01,Archie Bradley,Archie,Bradley,ARI,P,32518,Archie Bradley,,R
braulst01,Steven Brault,Steven,Brault,PIT,P,33870,Steven Brault,,L
breslcr01,Craig Breslow,Craig,Breslow,MIN,P,6365,Craig Breslow,,L
brittza01,Zach Britton,Zach,Britton,BAL,P,31054,Zach Britton,,L
brookaa01,Aaron Brooks,Aaron,Brooks,CHC,P,33124,Aaron Brooks,,
broxtjo01,Jonathan Broxton,Jonathan,Broxton,STL,P,6370,Jonathan Broxton,,R
buchhcl01,Clay Buchholz,Clay,Buchholz,PHI,P,28855,Clay Buchholz,,R
buchtry01,Ryan Buchter,Ryan,Buchter,SD,P,32329,Ryan Buchter,,L
bumgama01,Madison Bumgarner,Madison,Bumgarner,SF,P,29949,Madison Bumgarner,,L
bundydy01,Dylan Bundy,Dylan,Bundy,BAL,P,32094,Dylan Bundy,,R
burgoen02,Enrique Burgos,Enrique,Burgos,ARI,P,34838,Enrique Burgos,,R
burnese01,Sean Burnett,Sean,Burnett,PHI,P,5384,Sean Burnett,,L
bushma01,Matt Bush,Matt,Bush,TEX,P,30074,Matt Bush,,R
butleed01,Eddie Butler,Eddie,Butler,CHC,P,32831,Eddie Butler,,R
cabrema01,Mauricio Cabrera,Mauricio,Cabrera,ATL,P,32809,Mauricio Cabrera,,R
cahiltr01,Trevor Cahill,Trevor,Cahill,SD,P,30054,Trevor Cahill,,R
cainma01,Matt Cain,Matt,Cain,SF,P,6202,Matt Cain,,R
cappsca01,Carter Capps,Carter,Capps,SD,P,32469,Carter Capps,,R
carraca01,Carlos Carrasco,Carlos,Carrasco,CLE,P,28968,Carlos Carrasco,,R
cashnan01,Andrew Cashner,Andrew,Cashner,TEX,P,30134,Andrew Cashner,,R
casilja01,Santiago Casilla,Santiago,Casilla,OAK,P,6060,Santiago Casilla,,R
castrmi01,Miguel Castro,Miguel,Castro,COL,P,33820,Miguel Castro,,R
cecilbr01,Brett Cecil,Brett,Cecil,STL,P,30296,Brett Cecil,,L
cedenxa01,Xavier Cedeno,Xavier,Cedeno,TB,P,32028,Xavier Cedeno,,L
cessalu01,Luis Cessa,Luis,Cessa,NYY,P,34837,Luis Cessa,,R
chacijh01,Jhoulys Chacin,Jhoulys,Chacin,SD,P,30147,Jhoulys Chacin,,R
chafian01,Andrew Chafin,Andrew,Chafin,ARI,P,32810,Andrew Chafin,,L
chapmar01,Aroldis Chapman,Aroldis,Chapman,NYY,P,30442,Aroldis Chapman,,L
chatwty01,Tyler Chatwood,Tyler,Chatwood,COL,P,30564,Tyler Chatwood,,R
chaveje01,Jesse Chavez,Jesse,Chavez,LAA,P,29220,Jesse Chavez,,R
chenwe02,Wei-Yin Chen,Wei-Yin,Chen,MIA,P,32048,Wei-Yin Chen,,L
cingrto01,Tony Cingrani,Tony,Cingrani,CIN,P,32135,Tony Cingrani,,L
cishest01,Steve Cishek,Steve,Cishek,SEA,P,30963,Steve Cishek,,R
clevimi01,Mike Clevinger,Mike,Clevinger,CLE,P,32769,Mike Clevinger,,R
clippty01,Tyler Clippard,Tyler,Clippard,NYY,P,28694,Tyler Clippard,,R
cobbal01,Alex Cobb,Alex,Cobb,TB,P,31086,Alex Cobb,,R
coleaj01,A.J. Cole,A.J.,Cole,WAS,P,31595,A.J. Cole,,R
colege01,Gerrit Cole,Gerrit,Cole,PIT,P,32081,Gerrit Cole,,R
colliti01,Tim Collins,Tim,Collins,WAS,P,30995,Tim Collins,,L
collmjo01,Josh Collmenter,Josh,Collmenter,ATL,P,31090,Josh Collmenter,,R
colomal01,Alex Colome,Alex,Colome,TB,P,31255,Alex Colome,,R
colonba01,Bartolo Colon,Bartolo,Colon,ATL,P,3602,Bartolo Colon,,R
conlead01,Adam Conley,Adam,Conley,MIA,P,32669,Adam Conley,,L
cooneti01,Tim Cooney,Tim,Cooney,CLE,P,33159,Tim Cooney,,L
corbipa01,Patrick Corbin,Patrick,Corbin,ARI,P,31313,Patrick Corbin,,L
cosarja01,Jarred Cosart,Jarred,Cosart,SD,P,31096,Jarred Cosart,,R
cottojh01,Jharel Cotton,Jharel,Cotton,OAK,P,34052,Jharel Cotton,,R
cravyty01,Tyler Cravy,Tyler,Cravy,MIL,P,33824,Tyler Cravy,,R
crickky01,Kyle Crick,Kyle,Crick,SF,P,32171,Kyle Crick,,R
cuetojo01,Johnny Cueto,Johnny,Cueto,SF,P,28955,Johnny Cueto,,R
cumpbr01,Brandon Cumpton,Brandon,Cumpton,PIT,P,33086,Brandon Cumpton,,R
danksjo01,John Danks,John,Danks,ATL,P,28508,John Danks,,L
darviyu01,Yu Darvish,Yu,Darvish,TEX,P,32055,Yu Darvish,,R
davieza02,Zach Davies,Zach,Davies,MIL,P,33829,Zach Davies,,R
daviswa01,Wade Davis,Wade,Davis,CHC,P,28957,Wade Davis,,R
daytogr01,Grant Dayton,Grant,Dayton,LAD,P,32670,Grant Dayton,,L
degroja01,Jacob deGrom,Jacob,deGrom,NYM,P,32796,Jacob deGrom,,R
delabst01,Steve Delabar,Steve,Delabar,CLE,P,32026,Steve Delabar,,R
delarru01,Rubby de la Rosa,Rubby,de la Rosa,ARI,P,31051,Rubby De La Rosa,,R
deleojo01,Jose De Leon,Jose,De Leon,TB,P,33831,Jose De Leon,,R
delgara01,Randall Delgado,Randall,Delgado,ARI,P,31093,Randall Delgado,,R
desclan01,Anthony DeSclafani,Anthony,DeSclafani,CIN,P,33180,Anthony DeSclafani,,R
despaod01,Odrisamer Despaigne,Odrisamer,Despaigne,MIA,P,33617,Odrisamer Despaigne,,R
detwiro01,Ross Detwiler,Ross,Detwiler,OAK,P,28895,Ross Detwiler,,L
devench02,Chris Devenski,Chris,Devenski,HOU,P,32511,Chris Devenski,,R
diazed04,Edwin Diaz,Edwin,Diaz,SEA,P,35394,Edwin Diaz,,R
diazja01,Jairo Diaz,Jairo,Diaz,COL,P,32986,Jairo Diaz,,R
diazju03,Jumbo Diaz,Jumbo,Diaz,TB,P,29839,Jumbo Diaz,,R
dicker.01,R.A. Dickey,R.A.,Dickey,ATL,P,4695,R.A. Dickey,,R
diekmja01,Jake Diekman,Jake,Diekman,TEX,P,32178,Jake Diekman,,L
doolise01,Sean Doolittle,Sean,Doolittle,OAK,P,30283,Sean Doolittle,,L
doubrfe01,Felix Doubront,Felix,Doubront,OAK,P,30066,Felix Doubront,,L
duensbr01,Brian Duensing,Brian,Duensing,CHC,P,28960,Brian Duensing,,L
duffety01,Tyler Duffey,Tyler,Duffey,MIN,P,33668,Tyler Duffey,,R
duffyda01,Danny Duffy,Danny,Duffy,KC,P,31114,Danny Duffy,,L
dukeza01,Zach Duke,Zach,Duke,STL,P,6219,Zach Duke,,L
dullry01,Ryan Dull,Ryan,Dull,OAK,P,33319,Ryan Dull,,R
dunnmi01,Mike Dunn,Mike,Dunn,COL,P,30081,Mike Dunn,,L
dysonsa01,Sam Dyson,Sam,Dyson,TEX,P,31745,Sam Dyson,,R
edginjo01,Josh Edgin,Josh,Edgin,NYM,P,32198,Josh Edgin,,L
edwarca01,Carl Edwards,Carl,Edwards,CHC,P,605218,Carl Edwards,,R
eflinza01,Zach Eflin,Zach,Eflin,PHI,P,32804,Zach Eflin,,R
eickhje01,Jerad Eickhoff,Jerad,Eickhoff,PHI,P,33057,Jerad Eickhoff,,R
eliasro01,Roenis Elias,Roenis,Elias,BOS,P,33152,Roenis Elias,,L
eovalna01,Nathan Eovaldi,Nathan,Eovaldi,NYY,P,31174,Nate Eovaldi,,R
erlinro01,Robbie Erlin,Robbie,Erlin,SD,P,31791,Robbie Erlin,,L
espinan01,Anderson Espinoza,Anderson,Espinoza,SD,P,34987,Anderson Espinoza,,R
estevca01,Carlos Estevez,Carlos,Estevez,COL,P,34861,Carlos Estevez,,R
estrama01,Marco Estrada,Marco,Estrada,TOR,P,29215,Marco Estrada,,R
familje01,Jeurys Familia,Jeurys,Familia,NYM,P,31687,Jeurys Familia,,R
farmebu01,Buck Farmer,Buck,Farmer,DET,P,33627,Buck Farmer,,R
farquda01,Danny Farquhar,Danny,Farquhar,TB,P,30611,Danny Farquhar,,R
feldmsc01,Scott Feldman,Scott,Feldman,CIN,P,6384,Scott Feldman,,R
felizmi01,Michael Feliz,Michael,Feliz,HOU,P,33235,Michael Feliz,,R
felizne01,Neftali Feliz,Neftali,Feliz,MIL,P,30149,Neftali Feliz,,R
fieldjo03,Josh Fields,Josh,Fields,LAD,P,30213,Josh Fields,,R
fienca01,Casey Fien,Casey,Fien,SEA,P,29376,Casey Fien,,R
fiersmi01,Mike Fiers,Mike,Fiers,HOU,P,30773,Mike Fiers,,R
finnebr01,Brandon Finnegan,Brandon,Finnegan,CIN,P,33633,Brandon Finnegan,,L
flynnbr01,Brian Flynn,Brian,Flynn,KC,P,32671,Brian Flynn,,L
foltymi01,Mike Foltynewicz,Mike,Foltynewicz,ATL,P,31819,Mike Foltynewicz,,R
freemsa01,Sam Freeman,Sam,Freeman,ATL,P,32075,Sam Freeman,,L
friasca01,Carlos Frias,Carlos,Frias,LAD,P,33272,Carlos Frias,,R
friedch01,Christian Friedrich,Christian,Friedrich,SD,P,30603,Christian Friedrich,,L
fulmeca01,Carson Fulmer,Carson,Fulmer,CHW,P,34913,Carson Fulmer,,R
fulmemi01,Michael Fulmer,Michael,Fulmer,DET,P,34842,Michael Fulmer,,R
gallayo01,Yovani Gallardo,Yovani,Gallardo,SEA,P,28650,Yovani Gallardo,,R
garcija02,Jaime Garcia,Jaime,Garcia,ATL,P,29185,Jaime Garcia,,L
garciyi01,Yimi Garcia,Yimi,Garcia,LAD,P,32888,Yimi Garcia,,R
garzama01,Matt Garza,Matt,Garza,MIL,P,28528,Matt Garza,,R
gausmke01,Kevin Gausman,Kevin,Gausman,BAL,P,32667,Kevin Gausman,,R
gearrco01,Cory Gearrin,Cory,Gearrin,SF,P,30665,Cory Gearrin,,R
geedi01,Dillon Gee,Dillon,Gee,TEX,P,30139,Dillon Gee,,R
geltzst01,Steve Geltz,Steve,Geltz,MIL,P,31393,Steven Geltz,,R
gibsoky01,Kyle Gibson,Kyle,Gibson,MIN,P,31053,Kyle Gibson,,R
gileske01,Ken Giles,Ken,Giles,HOU,P,32762,Ken Giles,,R
giolilu01,Lucas Giolito,Lucas,Giolito,CHW,P,32697,Lucas Giolito,,R
givenmy01,Mychal Givens,Mychal,Givens,BAL,P,31618,Mychal Givens,,R
glasnty01,Tyler Glasnow,Tyler,Glasnow,PIT,P,33190,Tyler Glasnow,,R
gomezje01,Jeanmar Gomez,Jeanmar,Gomez,PHI,P,30525,Jeanmar Gomez,,R
gonzach01,Chi Chi Gonzalez,Chi,Chi Gonzalez,TEX,P,33386,Chi Chi Gonzalez,,R
gonzagi01,Gio Gonzalez,Gio,Gonzalez,WAS,P,28962,Gio Gonzalez,,L
gonzama02,Marco Gonzales,Marco,Gonzales,STL,P,33158,Marco Gonzales,,L
gonzami03,Miguel Gonzalez,Miguel,Gonzalez,CHW,P,29310,Miguel Gonzalez,,R
gonzase01,Severino Gonzalez,Severino,Gonzalez,MIA,P,33238,Severino Gonzalez,,R
graveke01,Kendall Graveman,Kendall,Graveman,OAK,P,33636,Kendall Graveman,,R
grayjo02,Jon Gray,Jon,Gray,COL,P,33203,Jon Gray,,R
grayso01,Sonny Gray,Sonny,Gray,OAK,P,32082,Sonny Gray,,R
greench03,Chad Green,Chad,Green,NYY,P,33325,Chad Green,,R
greensh02,Shane Greene,Shane,Greene,DET,P,32704,Shane Greene,,L
gregelu01,Luke Gregerson,Luke,Gregerson,HOU,P,30276,Luke Gregerson,,R
greinza01,Zack Greinke,Zack,Greinke,ARI,P,5883,Zack Greinke,,R
griffaj01,A.J. Griffin,A.J.,Griffin,TEX,P,32559,A.J. Griffin,,R
grillja01,Jason Grilli,Jason,Grilli,TOR,P,4350,Jason Grilli,,R
grimmju01,Justin Grimm,Justin,Grimm,CHC,P,31753,Justin Grimm,,R
gsellro01,Robert Gsellman,Robert,Gsellman,NYM,P,34872,Robert Gsellman,,R
guerrja01,Javy Guerra,Javy,Guerra,MIA,P,30505,Javy Guerra,,R
guerrju02,Junior Guerra,Junior,Guerra,MIL,P,34241,Junior Guerra,,R
guerrta02,Taylor Guerrieri,Taylor,Guerrieri,TB,P,32167,Taylor Guerrieri,,R
hagadni01,Nick Hagadone,Nick,Hagadone,SEA,P,29992,Nick Hagadone,,L
hahnje01,Jesse Hahn,Jesse,Hahn,OAK,P,33108,Jesse Hahn,,R
hamelco01,Cole Hamels,Cole,Hamels,TEX,P,6216,Cole Hamels,,L
hammeja01,Jason Hammel,Jason,Hammel,KC,P,6480,Jason Hammel,,R
handbr01,Brad Hand,Brad,Hand,SD,P,31077,Brad Hand,,L
happja01,J.A. Happ,J.A.,Happ,TOR,P,28817,J.A. Happ,,L
harriwi10,Will Harris,Will,Harris,HOU,P,32566,Will Harris,,R
harvehu01,Hunter Harvey,Hunter,Harvey,BAL,P,33191,Hunter Harvey,,R
harvema01,Matt Harvey,Matt,Harvey,NYM,P,31214,Matt Harvey,,R
hatchch02,Chris Hatcher,Chris,Hatcher,LAD,P,30648,Chris Hatcher,,R
heanean01,Andrew Heaney,Andrew,Heaney,LAA,P,32672,Andrew Heaney,,L
hellije01,Jeremy Hellickson,Jeremy,Hellickson,PHI,P,30506,Jeremy Hellickson,,R
hembrhe01,Heath Hembree,Heath,Hembree,BOS,P,31840,Heath Hembree,,R
hendrky01,Kyle Hendricks,Kyle,Hendricks,CHC,P,33173,Kyle Hendricks,,R
hendrli01,Liam Hendriks,Liam,Hendriks,OAK,P,31755,Liam Hendriks,,R
hernafe02,Felix Hernandez,Felix,Hernandez,SEA,P,6194,Felix Hernandez,,R
herreke01,Kelvin Herrera,Kelvin,Herrera,KC,P,32029,Kelvin Herrera,,R
hestoch01,Chris Heston,Chris,Heston,SEA,P,32611,Chris Heston,,R
hinojda01,Dalier Hinojosa,Dalier,Hinojosa,PHI,P,33275,Dalier Hinojosa,,R
hoffmje02,Jeff Hoffman,Jeff,Hoffman,COL,P,33841,Jeff Hoffman,,R
hollade01,Derek Holland,Derek,Holland,CHW,P,30148,Derek Holland,,L
hollagr01,Greg Holland,Greg,Holland,COL,P,30945,Greg Holland,,R
holmegr01,Grant Holmes,Grant,Holmes,OAK,P,33840,Grant Holmes,,R
honeybr01,Brent Honeywell,Brent,Honeywell,TB,P,33838,Brent Honeywell,,R
hoovejj01,J.J. Hoover,J.J.,Hoover,ARI,P,32557,J.J. Hoover,,R
housetj01,T.J. House,T.J.,House,TOR,P,32610,T.J. House,,L
howeljp01,J.P. Howell,J.P.,Howell,TOR,P,6312,J.P. Howell,,L
hudsoda01,Daniel Hudson,Daniel,Hudson,PIT,P,30376,Daniel Hudson,,R
hugheja02,Jared Hughes,Jared,Hughes,PIT,P,31556,Jared Hughes,,R
hugheph01,Phil Hughes,Phil,Hughes,MIN,P,28638,Phil Hughes,,R
hutchdr01,Drew Hutchison,Drew,Hutchison,PIT,P,31462,Drew Hutchison,,R
iglesra01,Raisel Iglesias,Raisel,Iglesias,CIN,P,33618,Raisel Iglesias,,R
iwakuhi01,Hisashi Iwakuma,Hisashi,Iwakuma,SEA,P,30965,Hisashi Iwakuma,,R
janseke01,Kenley Jansen,Kenley,Jansen,LAD,P,29630,Kenley Jansen,,R
jeffrje01,Jeremy Jeffress,Jeremy,Jeffress,TEX,P,30954,Jeremy Jeffress,,R
jennida01,Dan Jennings,Dan,Jennings,CHW,P,30555,Dan Jennings,,L
jimenub01,Ubaldo Jimenez,Ubaldo,Jimenez,BAL,P,28625,Ubaldo Jimenez,,R
johnsbr02,Brian Johnson,Brian,Johnson,BOS,P,34400,Brian Johnson,,L
johnser04,Erik Johnson,Erik,Johnson,SD,P,32176,Erik Johnson,,R
johnsji04,Jim Johnson,Jim,Johnson,ATL,P,28531,Jim Johnson,,R
jonesna01,Nate Jones,Nate,Jones,CHW,P,31136,Nate Jones,,R
jungmta01,Taylor Jungmann,Taylor,Jungmann,MIL,P,32045,Taylor Jungmann,,R
karnsna01,Nate Karns,Nate,Karns,KC,P,32607,Nathan Karns,,R
kazmisc01,Scott Kazmir,Scott,Kazmir,LAD,P,5917,Scott Kazmir,,L
kelake01,Keone Kela,Keone,Kela,TEX,P,33497,Keone Kela,,R
kellesh01,Shawn Kelley,Shawn,Kelley,WAS,P,30258,Shawn Kelley,,R
kellyca01,Casey Kelly,Casey,Kelly,CHC,P,30520,Casey Kelly,,R
kellyjo05,Joe Kelly,Joe,Kelly,BOS,P,31992,Joe Kelly,,R
kendrky01,Kyle Kendrick,Kyle,Kendrick,BOS,P,28804,Kyle Kendrick,,R
kenneia01,Ian Kennedy,Ian,Kennedy,KC,P,28864,Ian Kennedy,,R
kershcl01,Clayton Kershaw,Clayton,Kershaw,LAD,P,28963,Clayton Kershaw,,L
keuchda01,Dallas Keuchel,Dallas,Keuchel,HOU,P,31815,Dallas Keuchel,,L
kimbrcr01,Craig Kimbrel,Craig,Kimbrel,BOS,P,30653,Craig Kimbrel,,R
kintzbr01,Brandon Kintzler,Brandon,Kintzler,MIN,P,30959,Brandon Kintzler,,R
klubeco01,Corey Kluber,Corey,Kluber,CLE,P,30981,Corey Kluber,,R
knebeco01,Corey Knebel,Corey,Knebel,MIL,P,33206,Corey Knebel,,R
koehlto01,Tom Koehler,Tom,Koehler,MIA,P,31079,Tom Koehler,,R
kontoge01,George Kontos,George,Kontos,SF,P,30991,George Kontos,,R
kuhlch01,Chad Kuhl,Chad,Kuhl,PIT,P,35021,Chad Kuhl,,R
lackejo01,John Lackey,John,Lackey,CHC,P,5203,John Lackey,,R
lamboan01,Andrew Lambo,Andrew,Lambo,OAK,P,31028,Andrew Lambo,Andrew Lambo,L
lawde01,Derek Law,Derek,Law,SF,P,33139,Derek Law,,R
leagubr01,Brandon League,Brandon,League,KC,P,6135,Brandon League,,R
leakemi01,Mike Leake,Mike,Leake,STL,P,30465,Mike Leake,,R
leblawa01,Wade LeBlanc,Wade,LeBlanc,PIT,P,29238,Wade LeBlanc,,L
leonedo01,Dominic Leone,Dominic,Leone,TOR,P,33155,Dominic Leone,,R
lestejo01,Jon Lester,Jon,Lester,CHC,P,28487,Jon Lester,,L
lewisco01,Colby Lewis,Colby,Lewis,TEX,P,5067,Colby Lewis,,R
liriafr01,Francisco Liriano,Francisco,Liriano,TOR,P,6211,Francisco Liriano,,L
lobstky01,Kyle Lobstein,Kyle,Lobstein,MIA,P,31756,Kyle Lobstein,,L
lockeje01,Jeff Locke,Jeff,Locke,MIA,P,31068,Jeff Locke,,L
loganbo02,Boone Logan,Boone,Logan,CLE,P,6486,Boone Logan,,L
lopezre01,Reynaldo Lopez,Reynaldo,Lopez,CHW,P,33860,Reynaldo Lopez,,R
lorenmi01,Michael Lorenzen,Michael,Lorenzen,CIN,P,33252,Michael Lorenzen,,R
loupaa01,Aaron Loup,Aaron,Loup,TOR,P,32397,Aaron Loup,,L
lowema01,Mark Lowe,Mark,Lowe,DET,P,28511,Mark Lowe,,R
luetglu01,Lucas Luetge,Lucas,Luetge,CIN,P,32030,Lucas Luetge,,L
lylesjo01,Jordan Lyles,Jordan,Lyles,COL,P,31061,Jordan Lyles,,R
lynnla01,Lance Lynn,Lance,Lynn,STL,P,30820,Lance Lynn,,R
lyonsty01,Tyler Lyons,Tyler,Lyons,STL,P,32641,Tyler Lyons,,L
madsory01,Ryan Madson,Ryan,Madson,OAK,P,5382,Ryan Madson,,R
maedake01,Kenta Maeda,Kenta,Maeda,LAD,P,34892,Kenta Maeda,,R
manaese01,Sean Manaea,Sean,Manaea,OAK,P,33244,Sean Manaea,,L
maronni01,Nick Maronde,Nick,Maronde,MIA,P,32138,Nick Maronde,,L
marshev01,Evan Marshall,Evan,Marshall,ARI,P,32100,Evan Marshall,,R
martefr01,Francis Martes,Francis,Martes,HOU,P,34965,Francis Martes,,R
martica04,Carlos Martinez,Carlos,Martinez,STL,P,31340,Carlos Martinez,,R
martico01,Cody Martin,Cody,Martin,SEA,P,33135,Cody Martin,,R
martini01,Nick Martinez,Nick,Martinez,TEX,P,33372,Nick Martinez,,R
matzst01,Steven Matz,Steven,Matz,NYM,P,33106,Steven Matz,,L
maurebr01,Brandon Maurer,Brandon,Maurer,SD,P,32595,Brandon Maurer,,R
maytr01,Trevor May,Trevor,May,MIN,P,31263,Trevor May,,R
mcallza01,Zach McAllister,Zach,McAllister,CLE,P,30546,Zach McAllister,,R
mccarbr01,Brandon McCarthy,Brandon,McCarthy,LAD,P,6191,Brandon McCarthy,,R
mcculla02,Lance McCullers,Lance,McCullers,HOU,P,32764,Lance McCullers,,R
mcgeeja01,Jake McGee,Jake,McGee,COL,P,28959,Jake McGee,,L
mcgowdu01,Dustin McGowan,Dustin,McGowan,MIA,P,5919,Dustin McGowan,,R
mchugco01,Collin McHugh,Collin,McHugh,HOU,P,32569,Collin McHugh,,R
mejiaad01,Adalberto Mejia,Adalberto,Mejia,MIN,P,33198,Adalberto Mejia,,L
melanma01,Mark Melancon,Mark,Melancon,SF,P,29446,Mark Melancon,,R
mengdda01,Daniel Mengden,Daniel,Mengden,OAK,P,35096,Daniel Mengden,,R
meyeral01,Alex Meyer,Alex,Meyer,LAA,P,32173,Alex Meyer,,R
mileywa01,Wade Miley,Wade,Miley,BAL,P,31094,Wade Miley,,L
millean01,Andrew Miller,Andrew,Miller,CLE,P,28563,Andrew Miller,,L
milleju02,Justin Miller,Justin,Miller,LAA,P,31364,Justin Miller,,R
millesh01,Shelby Miller,Shelby,Miller,ARI,P,30738,Shelby Miller,,R
millsal02,Alec Mills,Alec,Mills,CHC,P,34863,Alec Mills,,R
millsbr02,Brad Mills,Brad,Mills,SEA,P,30201,Brad Mills,,L
milonto01,Tommy Milone,Tommy,Milone,MIL,P,31706,Tommy Milone,,L
minormi01,Mike Minor,Mike,Minor,KC,P,30624,Mike Minor,,L
miranar01,Ariel Miranda,Ariel,Miranda,SEA,P,35305,Ariel Miranda,,L
mitchbr01,Bryan Mitchell,Bryan,Mitchell,NYY,P,31910,Bryan Mitchell,,R
montafr02,Frankie Montas,Frankie,Montas,OAK,P,33249,Frankie Montas,,R
montera01,Rafael Montero,Rafael,Montero,NYM,P,32631,Rafael Montero,,R
montgmi01,Michael Montgomery,Michael,Montgomery,CHC,P,31092,Mike Montgomery,,L
moorema02,Matt Moore,Matt,Moore,SF,P,31099,Matt Moore,,L
morgaad01,Adam Morgan,Adam,Morgan,PHI,P,32636,Adam Morgan,,L
morimsh01,Shawn Morimando,Shawn,Morimando,CLE,P,34866,Shawn Morimando,,L
morribr01,Bryan Morris,Bryan,Morris,SF,P,30497,Bryan Morris,,R
mortoch02,Charlie Morton,Charlie,Morton,HOU,P,29155,Charlie Morton,,R
motteja01,Jason Motte,Jason,Motte,COL,P,29256,Jason Motte,,R
mujiced01,Edward Mujica,Edward,Mujica,DET,P,28501,Edward Mujica,,R
musgrjo01,Joe Musgrove,Joe,Musgrove,HOU,P,34848,Joe Musgrove,,R
nathajo01,Joe Nathan,Joe,Nathan,WAS,P,4044,Joe Nathan,,R
nelsoji02,Jimmy Nelson,Jimmy,Nelson,MIL,P,32738,Jimmy Nelson,,R
nerishe01,Hector Neris,Hector,Neris,PHI,P,32377,Hector Neris,,R
neshepa01,Pat Neshek,Pat,Neshek,PHI,P,28489,Pat Neshek,,R
newcose01,Sean Newcomb,Sean,Newcomb,ATL,P,33856,Sean Newcomb,,L
nicasju01,Juan Nicasio,Juan,Nicasio,PIT,P,30511,Juan Nicasio,,R
nicolju01,Justin Nicolino,Justin,Nicolino,MIA,P,31708,Justin Nicolino,,L
nolaaa01,Aaron Nola,Aaron,Nola,PHI,P,33709,Aaron Nola,,R
nolasri01,Ricky Nolasco,Ricky,Nolasco,LAA,P,6491,Ricky Nolasco,,R
nolinse01,Sean Nolin,Sean,Nolin,MIL,P,32709,Sean Nolin,,L
norrida01,Daniel Norris,Daniel,Norris,DET,P,33199,Daniel Norris,,L
novaiv01,Ivan Nova,Ivan,Nova,PIT,P,30400,Ivan Nova,,R
nunovi01,Vidal Nuno,Vidal,Nuno,BAL,P,32706,Vidal Nuno,,L
oberhbr01,Brett Oberholtzer,Brett,Oberholtzer,TOR,P,31113,Brett Oberholtzer,,L
odayda01,Darren O'Day,Darren,O'Day,BAL,P,29081,Darren O'Day,,R
odorija01,Jake Odorizzi,Jake,Odorizzi,TB,P,31654,Jake Odorizzi,,R
oflaher01,Eric O'Flaherty,Eric,O'Flaherty,ATL,P,28549,Eric O'Flaherty,,L
ogandal01,Alexi Ogando,Alexi,Ogando,ATL,P,30549,Alexi Ogando,,R
ohse01,Seung-hwan Oh,Seung-hwan,Oh,STL,P,34893,Seung Hwan Oh,,R
okertst01,Steven Okert,Steven,Okert,SF,P,33716,Steven Okert,,L
osunaro01,Roberto Osuna,Roberto,Osuna,TOR,P,32693,Roberto Osuna,,R
oteroda01,Dan Otero,Dan,Otero,CLE,P,30328,Dan Otero,,R
ottavad01,Adam Ottavino,Adam,Ottavino,COL,P,29705,Adam Ottavino,,R
owenshe02,Henry Owens,Henry,Owens,BOS,P,33211,Henry Owens,,L
parnebo01,Bobby Parnell,Bobby,Parnell,KC,P,29227,Bobby Parnell,,R
paxtoja01,James Paxton,James,Paxton,SEA,P,31980,James Paxton,,L
peacobr01,Brad Peacock,Brad,Peacock,HOU,P,31591,Brad Peacock,,R
pelfrmi01,Mike Pelfrey,Mike,Pelfrey,DET,P,28507,Mike Pelfrey,,R
peralwi01,Wily Peralta,Wily,Peralta,MIL,P,31140,Wily Peralta,,R
perdolu02,Luis Perdomo,Luis,Perdomo,SD,P,35970,Luis Perdomo,,R
perezma02,Martin Perez,Martin,Perez,TEX,P,31098,Martin Perez,,L
perezol01,Oliver Perez,Oliver,Perez,WAS,P,5192,Oliver Perez,,L
perezwi01,Williams Perez,Williams,Perez,CHC,P,33650,Williams Perez,,R
perkigl01,Glen Perkins,Glen,Perkins,MIN,P,6482,Glen Perkins,,L
petityu01,Yusmeiro Petit,Yusmeiro,Petit,LAA,P,6470,Yusmeiro Petit,,R
petrija01,Jake Petricka,Jake,Petricka,CHW,P,31842,Jake Petricka,,R
phelpda01,David Phelps,David,Phelps,MIA,P,31124,David Phelps,,R
pinedmi01,Michael Pineda,Michael,Pineda,NYY,P,30937,Michael Pineda,,R
pomerdr01,Drew Pomeranz,Drew,Pomeranz,BOS,P,31010,Drew Pomeranz,,L
porceri01,Rick Porcello,Rick,Porcello,BOS,P,29966,Rick Porcello,,R
poundbr01,Brooks Pounders,Brooks,Pounders,LAA,P,34902,Brooks Pounders,,R
pressry01,Ryan Pressly,Ryan,Pressly,MIN,P,33072,Ryan Pressly,,R
priceda01,David Price,David,Price,BOS,P,28958,David Price,,L
putnaza01,Zach Putnam,Zach,Putnam,CHW,P,30483,Zach Putnam,,R
quackke01,Kevin Quackenbush,Kevin,Quackenbush,SD,P,32396,Kevin Quackenbush,,R
quallch01,Chad Qualls,Chad,Qualls,COL,P,6034,Chad Qualls,,R
quintjo01,Jose Quintana,Jose,Quintana,CHW,P,32106,Jose Quintana,,L
ramirer02,Erasmo Ramirez,Erasmo,Ramirez,TB,P,31983,Erasmo Ramirez,,R
ramirne01,Neil Ramirez,Neil,Ramirez,SF,P,29942,Neil Ramirez,,R
ramosaj01,A.J. Ramos,A.J.,Ramos,MIA,P,32104,A.J. Ramos,,R
ramosce01,Cesar Ramos,Cesar,Ramos,PHI,P,29734,Cesar Ramos,,L
rayro02,Robbie Ray,Robbie,Ray,ARI,P,32175,Robbie Ray,,L
reaco01,Colin Rea,Colin,Rea,SD,P,33950,Colin Rea,,R
reedad01,Addison Reed,Addison,Reed,NYM,P,31493,Addison Reed,,R
reedco01,Cody Reed,Cody,Reed,CIN,P,34884,Cody Reed,,L
reyesal01,Alex Reyes,Alex,Reyes,STL,P,33213,Alex Reyes,,R
reynoma02,Matt Reynolds,Matt,Reynolds,SF,P,30604,Matt Reynolds,,L
richacl01,Clayton Richard,Clayton,Richard,SD,P,29195,Clayton Richard,,L
richaga01,Garrett Richards,Garrett,Richards,LAA,P,30892,Garrett Richards,,R
rienzan01,Andre Rienzo,Andre,Rienzo,SD,P,31935,Andre Rienzo,,R
riverfe01,Felipe Rivero,Felipe,Rivero,PIT,P,32562,Felipe Rivero,,L
roarkta01,Tanner Roark,Tanner,Roark,WAS,P,31593,Tanner Roark,,R
roberda08,David Robertson,David,Robertson,CHW,P,29172,David Robertson,,R
robleha01,Hansel Robles,Hansel,Robles,NYM,P,32666,Hansel Robles,,R
rodgebr02,Brendan Rodgers,Brendan,Rodgers,COL,P,35073,Brendan Rodgers,,R
rodnefe01,Fernando Rodney,Fernando,Rodney,ARI,P,5111,Fernando Rodney,,R
rodonca01,Carlos Rodon,Carlos,Rodon,CHW,P,33696,Carlos Rodon,,L
rodried05,Eduardo Rodriguez,Eduardo,Rodriguez,BOS,P,32675,Eduardo Rodriguez,,L
rodrife02,Fernando Rodriguez,Fernando,Rodriguez,CHC,P,29326,Fernando Rodriguez,,R
rodrifr03,Francisco Rodriguez,Francisco,Rodriguez,DET,P,5357,Francisco Rodriguez,,R
rogerta01,Taylor Rogers,Taylor,Rogers,MIN,P,33671,Taylor Rogers,,L
romose01,Sergio Romo,Sergio,Romo,LAD,P,29168,Sergio Romo,,R
rondobr01,Bruce Rondon,Bruce,Rondon,DET,P,31943,Bruce Rondon,,R
rondohe01,Hector Rondon,Hector,Rondon,CHC,P,30089,Hector Rondon,,R
rosajo01,Jorge de la Rosa,Jorge,de la Rosa,ARI,P,5906,Jorge De La Rosa,,L
rosentr01,Trevor Rosenthal,Trevor,Rosenthal,STL,P,31945,Trevor Rosenthal,,R
rossjo01,Joe Ross,Joe,Ross,WAS,P,32684,Joe Ross,,R
rossro01,Robbie Ross,Robbie,Ross,BOS,P,32051,Robbie Ross,,L
rossty01,Tyson Ross,Tyson,Ross,TEX,P,30099,Tyson Ross,,R
rusinch01,Chris Rusin,Chris,Rusin,COL,P,31987,Chris Rusin,,L
ryuhy01,Hyun-Jin Ryu,Hyun-Jin,Ryu,LAD,P,32582,Hyun-Jin Ryu,,L
rzepcma01,Marc Rzepczynski,Marc,Rzepczynski,SEA,P,30366,Marc Rzepczynski,,L
sabatc.01,CC Sabathia,CC,Sabathia,NYY,P,4553,CC Sabathia,,L
salazda01,Danny Salazar,Danny,Salazar,CLE,P,32095,Danny Salazar,,R
salech01,Chris Sale,Chris,Sale,BOS,P,30948,Chris Sale,,L
samarje01,Jeff Samardzija,Jeff,Samardzija,SF,P,29166,Jeff Samardzija,,R
sanchaa01,Aaron Sanchez,Aaron,Sanchez,TOR,P,31254,Aaron Sanchez,,R
sanchan01,Anibal Sanchez,Anibal,Sanchez,DET,P,6472,Anibal Sanchez,,R
santaer01,Ervin Santana,Ervin,Santana,MIN,P,6280,Ervin Santana,,R
santihe01,Hector Santiago,Hector,Santiago,MIN,P,30744,Hector Santiago,,L
saupowa01,Warwick Saupold,Warwick,Saupold,DET,P,35048,Warwick Saupold,,R
schafjo02,Jordan Schafer,Jordan,Schafer,STL,P,28971,Jordan Schafer,Jordan Schafer,L
schepta01,Tanner Scheppers,Tanner,Scheppers,TEX,P,30454,Tanner Scheppers,,R
scherma01,Max Scherzer,Max,Scherzer,WAS,P,28976,Max Scherzer,,R
scribev01,Evan Scribner,Evan,Scribner,SEA,P,30970,Evan Scribner,,R
severlu01,Luis Severino,Luis,Severino,NYY,P,33263,Luis Severino,,R
shawbr01,Bryan Shaw,Bryan,Shaw,CLE,P,30589,Bryan Shaw,,R
shielja02,James Shields,James,Shields,CHW,P,28474,James Shields,,R
shiplbr01,Braden Shipley,Braden,Shipley,ARI,P,33216,Braden Shipley,,R
shoemma01,Matt Shoemaker,Matt,Shoemaker,LAA,P,32058,Matt Shoemaker,,R
shrevch01,Chasen Shreve,Chasen,Shreve,NYY,P,33014,Chasen Shreve,,L
siegrke01,Kevin Siegrist,Kevin,Siegrist,STL,P,32059,Kevin Siegrist,,L
sippto01,Tony Sipp,Tony,Sipp,HOU,P,28673,Tony Sipp,,L
skaggty01,Tyler Skaggs,Tyler,Skaggs,LAA,P,31221,Tyler Skaggs,,L
smithca02,Carson Smith,Carson,Smith,BOS,P,32628,Carson Smith,,R
smithjo05,Joe Smith,Joe,Smith,TOR,P,28729,Joe Smith,,R
smithwi04,Will Smith,Will,Smith,SF,P,31549,Will Smith,,L
smylydr01,Drew Smyly,Drew,Smyly,SEA,P,31816,Drew Smyly,,L
snellbl01,Blake Snell,Blake,Snell,TB,P,33748,Blake Snell,,L
solissa01,Sammy Solis,Sammy,Solis,WAS,P,31041,Sammy Solis,,L
soriajo01,Joakim Soria,Joakim,Soria,KC,P,28688,Joakim Soria,,R
stephro01,Robert Stephenson,Robert,Stephenson,CIN,P,32134,Robert Stephenson,,R
stewabr01,Brock Stewart,Brock,Stewart,LAD,P,35997,Brock Stewart,,R
stewako01,Kohl Stewart,Kohl,Stewart,MIN,P,33219,Kohl Stewart,,R
storedr01,Drew Storen,Drew,Storen,CIN,P,30534,Drew Storen,,R
strahma01,Matt Strahm,Matt,Strahm,KC,P,34862,Matt Strahm,,L
straida01,Dan Straily,Dan,Straily,MIA,P,32563,Dan Straily,,R
strasst01,Stephen Strasburg,Stephen,Strasburg,WAS,P,30373,Stephen Strasburg,,R
streehu01,Huston Street,Huston,Street,LAA,P,6175,Huston Street,,R
strichu01,Hunter Strickland,Hunter,Strickland,SF,P,32589,Hunter Strickland,,R
stripro01,Ross Stripling,Ross,Stripling,LAD,P,32789,Ross Stripling,,R
stromma01,Marcus Stroman,Marcus,Stroman,TOR,P,32815,Marcus Stroman,,R
stroppe01,Pedro Strop,Pedro,Strop,CHC,P,29763,Pedro Strop,,R
swarzan01,Anthony Swarzak,Anthony,Swarzak,CHW,P,30153,Anthony Swarzak,,R
syndeno01,Noah Syndergaard,Noah,Syndergaard,NYM,P,31730,Noah Syndergaard,,R
taillja01,Jameson Taillon,Jameson,Taillon,PIT,P,31258,Jameson Taillon,,R
tanakma01,Masahiro Tanaka,Masahiro,Tanaka,NYY,P,33150,Masahiro Tanaka,,R
tatedi01,Dillon Tate,Dillon,Tate,NYY,P,34950,Dillon Tate,,R
tazawju01,Junichi Tazawa,Junichi,Tazawa,MIA,P,30095,Junichi Tazawa,,R
teherju01,Julio Teheran,Julio,Teheran,ATL,P,31091,Julio Teheran,,R
tepesni01,Nick Tepesch,Nick,Tepesch,MIN,P,32700,Nick Tepesch,,R
thompja03,Jake Thompson,Jake,Thompson,PHI,P,32832,Jake Thompson,,R
thornty01,Tyler Thornburg,Tyler,Thornburg,BOS,P,31887,Tyler Thornburg,,R
tillmch01,Chris Tillman,Chris,Tillman,BAL,P,30285,Chris Tillman,,R
tollesh01,Shawn Tolleson,Shawn,Tolleson,TB,P,31886,Shawn Tolleson,,R
tomlijo01,Josh Tomlin,Josh,Tomlin,CLE,P,30944,Josh Tomlin,,R
torreca01,Carlos Torres,Carlos,Torres,MIL,P,29347,Carlos Torres,,R
treinbl01,Blake Treinen,Blake,Treinen,WAS,P,32185,Blake Treinen,,R
triggan01,Andrew Triggs,Andrew,Triggs,OAK,P,33589,Andrew Triggs,,R
tropeni01,Nicholas Tropeano,Nicholas,Tropeano,LAA,P,33170,Nick Tropeano,,R
turneja01,Jacob Turner,Jacob,Turner,WAS,P,30526,Jacob Turner,,R
ueharko01,Koji Uehara,Koji,Uehara,CHC,P,30130,Koji Uehara,,R
urenajo01,Jose Urena,Jose,Urena,MIA,P,33107,Jose Urena,,R
uriasju01,Julio Urias,Julio,Urias,LAD,P,33223,Julio Urias,,L
vargace01,Cesar Vargas,Cesar,Vargas,SD,P,33877,Cesar Vargas,,R
vargaja01,Jason Vargas,Jason,Vargas,KC,P,6352,Jason Vargas,,L
velasvi01,Vincent Velasquez,Vincent,Velasquez,PHI,P,31878,Vincent Velasquez,,R
verlaju01,Justin Verlander,Justin,Verlander,DET,P,6341,Justin Verlander,,R
verrelo01,Logan Verrett,Logan,Verrett,BAL,P,33131,Logan Verrett,,R
vinceni01,Nick Vincent,Nick,Vincent,SEA,P,31540,Nick Vincent,,R
vizcaar01,Arodys Vizcaino,Arodys,Vizcaino,ATL,P,31087,Arodys Vizcaino,,R
vogelry01,Ryan Vogelsong,Ryan,Vogelsong,MIN,P,4514,Ryan Vogelsong,,R
volqued01,Edinson Volquez,Edinson,Volquez,MIA,P,6401,Edinson Volquez,,R
volstch01,Chris Volstad,Chris,Volstad,CHW,P,28874,Chris Volstad,,R
wachami01,Michael Wacha,Michael,Wacha,STL,P,32640,Michael Wacha,,R
wainwad01,Adam Wainwright,Adam,Wainwright,STL,P,5403,Adam Wainwright,,R
walketa01,Taijuan Walker,Taijuan,Walker,ARI,P,31864,Taijuan Walker,,R
warread01,Adam Warren,Adam,Warren,NYY,P,31101,Adam Warren,,R
watsoto01,Tony Watson,Tony,Watson,PIT,P,31513,Tony Watson,,L
weaveje02,Jered Weaver,Jered,Weaver,SD,P,6479,Jered Weaver,,R
weavelu01,Luke Weaver,Luke,Weaver,STL,P,33770,Luke Weaver,,R
webbry01,Ryan Webb,Ryan,Webb,MIL,P,30032,Ryan Webb,,R
wheelza01,Zack Wheeler,Zack,Wheeler,NYM,P,31267,Zack Wheeler,,R
whitlch01,Chase Whitley,Chase,Whitley,TB,P,31858,Chase Whitley,,R
wilheto01,Tom Wilhelmsen,Tom,Wilhelmsen,ARI,P,31517,Tom Wilhelmsen,,R
wilsoal01,Alex Wilson,Alex,Wilson,DET,P,31557,Alex Wilson,,R
wilsoju10,Justin Wilson,Justin,Wilson,DET,P,31026,Justin Wilson,,L
wislema01,Matt Wisler,Matt,Wisler,ATL,P,32802,Matt Wisler,,R
woodal02,Alex Wood,Alex,Wood,LAD,P,32620,Alex Wood,,L
woodtr01,Travis Wood,Travis,Wood,KC,P,30515,Travis Wood,,L
worleva01,Vance Worley,Vance,Worley,WAS,P,30943,Vance Worley,,R
wrighmi01,Mike Wright,Mike,Wright,BAL,P,32291,Mike Wright,,R
wrighst01,Steven Wright,Steven,Wright,BOS,P,32587,Steven Wright,,R
youngch03,Chris Young (P),Chris,Young (P),KC,P,6073,Chris Young,,R
zieglbr01,Brad Ziegler,Brad,Ziegler,MIA,P,29147,Brad Ziegler,,R
zimmejo02,Jordan Zimmermann,Jordan,Zimmermann,DET,P,30209,Jordan Zimmermann,,R
zimmeky01,Kyle Zimmer,Kyle,Zimmer,KC,P,32689,Kyle Zimmer,,R
zychto01,Tony Zych,Tony,Zych,SEA,P,32182,Tony Zych,,R
